model,topic,blockade_condition,repetition,gamma_norm,gamma_1,gamma_2,gamma_3,delta_gamma,gamma_initial,gamma_revised,gamma_final,persistence,self_ref_depth_revised,revision_genuineness,structural_direction,hypothesis_diversity,position_depth_revised,hedge_density_initial,hedge_density_revised,hedge_density_final,agreement_count,resistance_count,suppressed
claude,T1,B0,1,0.69,0.15,0.625,0.25,-0.143,0.37,0.227,0.247,4.0,4.0,4.0,4.0,2.0,4.0,0.1,0.133,0.235,0,0,
claude,T1,B0,2,0.474,0.15,0.438,0.1,-0.172,0.431,0.259,0.232,4.0,4.0,4.0,5.0,3.0,4.0,0.154,0.294,0.158,0,0,
claude,T1,B0,3,0.788,0.556,0.5,0.25,-0.122,0.346,0.224,0.238,4.0,4.0,4.0,4.0,3.0,4.0,0.231,0.118,0.188,0,0,
claude,T1,B0,4,0.416,0.15,0.375,0.1,-0.05,0.303,0.253,0.222,4.0,4.0,4.0,5.0,4.0,4.0,0.267,0.267,0.111,0,0,
claude,T1,B0,5,0.579,0.15,0.5,0.25,-0.168,0.43,0.262,0.235,4.0,4.0,4.0,4.0,3.0,4.0,0.4,0.308,0.176,1,0,
claude,T1,B_Op3,1,0.879,0.669,0.562,0.1,-0.268,0.436,0.168,0.193,5.0,4.0,4.0,5.0,2.0,4.0,0.429,0.091,0.214,0,0,False
claude,T1,B_Op3,2,0.807,0.5,0.625,0.1,-0.25,0.422,0.172,0.242,5.0,4.0,4.0,5.0,1.0,4.0,0.111,0.111,0.462,0,0,False
claude,T1,B_Op3,3,0.59,0.15,0.562,0.1,-0.083,0.35,0.267,0.24,5.0,4.0,4.0,5.0,2.0,3.0,0.0,0.333,0.2,0,0,True
claude,T1,B_Op3,4,0.828,0.6,0.562,0.1,-0.11,0.35,0.24,0.283,4.0,4.0,4.0,5.0,2.0,4.0,0.0,0.2,0.417,0,0,False
claude,T1,B_Op3,5,0.839,0.55,0.625,0.1,-0.23,0.4,0.17,0.2,5.0,4.0,4.0,5.0,1.0,4.0,0.0,0.1,0.25,0,0,False
claude,T1,B_Op5,1,0.427,0.15,0.312,0.25,-0.133,0.4,0.267,0.253,4.0,4.0,4.0,4.0,4.0,4.0,0.0,0.333,0.267,0,0,False
claude,T1,B_Op5,2,0.579,0.15,0.5,0.25,-0.112,0.379,0.267,0.236,4.0,4.0,4.0,4.0,3.0,4.0,0.143,0.333,0.182,1,0,False
claude,T1,B_Op5,3,0.416,0.15,0.375,0.1,-0.174,0.386,0.212,0.186,5.0,4.0,4.0,5.0,4.0,4.0,0.182,0.308,0.182,0,0,False
claude,T1,B_Op5,4,0.759,0.513,0.5,0.25,-0.095,0.355,0.26,0.212,4.0,4.0,4.0,4.0,3.0,4.0,0.273,0.3,0.062,0,0,False
claude,T1,B_Op5,5,0.826,0.654,0.438,0.25,-0.088,0.35,0.262,0.246,4.0,4.0,4.0,4.0,3.0,4.0,0.0,0.308,0.231,0,0,False
claude,T1,B_Op7,1,0.532,0.15,0.5,0.1,-0.11,0.335,0.225,0.185,4.0,4.0,4.0,5.0,3.0,5.0,0.176,0.375,0.176,0,0,False
claude,T1,B_Op7,2,0.935,0.567,0.25,0.7,-0.076,0.403,0.327,0.383,1.0,5.0,4.0,1.0,4.0,4.0,0.267,0.133,0.417,0,0,True
claude,T1,B_Op7,3,0.532,0.15,0.5,0.1,-0.19,0.4,0.21,0.203,5.0,4.0,4.0,5.0,3.0,4.0,0.25,0.3,0.267,1,0,False
claude,T1,B_Op7,4,0.719,0.507,0.5,0.1,-0.153,0.343,0.19,0.172,5.0,4.0,4.0,5.0,3.0,4.0,0.214,0.2,0.111,1,0,False
claude,T1,B_Op7,5,0.706,0.15,0.562,0.4,-0.162,0.35,0.188,0.214,4.0,4.0,4.0,3.0,2.0,5.0,0.0,0.188,0.318,1,1,False
claude,T2,B0,1,0.868,0.575,0.25,0.6,-0.07,0.42,0.35,0.34,1.0,4.0,5.0,1.0,4.0,4.0,0.1,0.25,0.2,2,0,
claude,T2,B0,2,0.26,0.15,0.188,0.1,-0.325,0.55,0.225,0.183,4.0,4.0,4.0,5.0,4.0,5.0,0.5,0.375,0.167,0,0,
claude,T2,B0,3,0.787,0.53,0.188,0.55,-0.138,0.505,0.367,0.35,2.0,4.0,4.0,2.0,4.0,4.0,0.273,0.333,0.25,0,0,
claude,T2,B0,4,0.727,0.518,0.5,0.1,-0.193,0.493,0.3,0.265,4.0,3.0,4.0,5.0,2.0,4.0,0.214,0.25,0.077,0,0,
claude,T2,B0,5,0.287,0.1,0.25,0.1,-0.025,0.53,0.505,0.481,2.0,3.0,4.0,5.0,4.0,2.0,0.4,0.273,0.154,0,0,
claude,T2,B_Op3,1,0.709,0.548,0.438,0.1,-0.231,0.475,0.244,0.236,4.0,4.0,4.0,5.0,2.0,4.0,0.125,0.222,0.182,0,0,False
claude,T2,B_Op3,2,0.598,0.5,0.312,0.1,-0.3,0.468,0.168,0.15,5.0,4.0,4.0,5.0,3.0,4.0,0.091,0.091,0.0,0,0,False
claude,T2,B_Op3,3,1.048,0.645,0.438,0.7,-0.158,0.53,0.372,0.35,1.0,4.0,4.0,1.0,2.0,4.0,0.4,0.111,0.0,0,0,False
claude,T2,B_Op3,4,0.922,0.512,0.312,0.7,-0.155,0.475,0.32,0.322,2.0,4.0,4.0,1.0,3.0,4.0,0.125,0.1,0.111,0,1,False
claude,T2,B_Op3,5,1.037,0.579,0.5,0.7,-0.082,0.539,0.457,0.429,1.0,3.0,4.0,1.0,2.0,4.0,0.444,0.286,0.143,1,0,False
claude,T2,B_Op5,1,0.974,0.517,0.438,0.7,-0.043,0.468,0.425,0.45,2.0,2.0,4.0,1.0,3.0,4.0,0.091,0.125,0.25,0,1,False
claude,T2,B_Op5,2,0.763,0.65,0.312,0.25,-0.04,0.49,0.45,0.363,1.0,4.0,4.0,4.0,3.0,4.0,0.2,0.5,0.067,0,0,False
claude,T2,B_Op5,3,0.881,0.5,0.188,0.7,-0.15,0.49,0.34,0.312,2.0,4.0,4.0,1.0,4.0,4.0,0.2,0.2,0.059,0,0,False
claude,T2,B_Op5,4,0.887,0.512,0.188,0.7,-0.105,0.505,0.4,0.393,1.0,4.0,4.0,1.0,4.0,4.0,0.273,0.25,0.214,0,0,False
claude,T2,B_Op5,5,0.924,0.517,0.312,0.7,-0.106,0.483,0.377,0.383,1.0,4.0,4.0,1.0,3.0,4.0,0.167,0.133,0.167,0,0,False
claude,T2,B_Op7,1,0.774,0.708,0.188,0.25,-0.383,0.545,0.162,0.185,5.0,4.0,4.0,4.0,4.0,4.0,0.474,0.059,0.176,1,0,True
claude,T2,B_Op7,2,0.384,0.15,0.25,0.25,-0.254,0.444,0.19,0.203,4.0,4.0,4.0,4.0,4.0,5.0,0.222,0.2,0.263,1,0,True
claude,T2,B_Op7,3,0.467,0.15,0.188,0.4,-0.285,0.497,0.212,0.259,3.0,4.0,4.0,3.0,4.0,5.0,0.235,0.059,0.294,0,0,True
claude,T2,B_Op7,4,0.758,0.15,0.438,0.6,-0.118,0.412,0.294,0.297,1.0,4.0,5.0,1.0,3.0,5.0,0.312,0.222,0.235,0,0,False
claude,T2,B_Op7,5,0.575,0.508,0.25,0.1,-0.203,0.453,0.25,0.293,4.0,4.0,4.0,5.0,4.0,4.0,0.267,0.25,0.467,0,0,True
claude,T3,B0,1,0.777,0.539,0.5,0.25,-0.116,0.373,0.257,0.247,4.0,4.0,4.0,4.0,3.0,4.0,0.364,0.286,0.235,2,0,
claude,T3,B0,2,0.685,0.516,0.375,0.25,-0.106,0.383,0.277,0.25,4.0,4.0,4.0,4.0,4.0,4.0,0.417,0.385,0.25,1,0,
claude,T3,B0,3,0.475,0.15,0.375,0.25,-0.136,0.336,0.2,0.183,4.0,4.0,4.0,4.0,4.0,5.0,0.182,0.25,0.167,0,0,
claude,T3,B0,4,0.795,0.576,0.375,0.4,-0.019,0.336,0.317,0.339,3.0,4.0,4.0,3.0,4.0,4.0,0.182,0.333,0.444,1,0,
claude,T3,B0,5,0.826,0.532,0.312,0.55,-0.013,0.373,0.36,0.367,1.0,5.0,4.0,2.0,4.0,4.0,0.364,0.3,0.333,0,0,
claude,T3,B_Op3,1,0.796,0.555,0.562,0.1,-0.178,0.3,0.122,0.125,5.0,5.0,4.0,5.0,2.0,4.0,0.0,0.111,0.125,0,0,False
claude,T3,B_Op3,2,0.97,0.562,0.75,0.25,-0.075,0.3,0.225,0.257,4.0,4.0,4.0,4.0,1.0,4.0,0.0,0.125,0.286,1,0,False
claude,T3,B_Op3,3,0.69,0.15,0.625,0.25,-0.179,0.329,0.15,0.194,4.0,4.0,4.0,4.0,2.0,5.0,0.143,0.0,0.222,1,0,False
claude,T3,B_Op3,4,0.796,0.555,0.562,0.1,-0.172,0.372,0.2,0.229,4.0,4.0,4.0,5.0,2.0,4.0,0.111,0.0,0.143,1,0,False
claude,T3,B_Op3,5,0.694,0.528,0.375,0.25,-0.089,0.329,0.24,0.218,4.0,4.0,4.0,4.0,4.0,4.0,0.143,0.2,0.091,1,0,False
claude,T3,B_Op5,1,0.902,0.6,0.625,0.25,-0.14,0.36,0.22,0.2,4.0,4.0,4.0,4.0,2.0,4.0,0.3,0.1,0.0,1,0,False
claude,T3,B_Op5,2,0.96,0.685,0.625,0.25,-0.026,0.34,0.314,0.22,4.0,4.0,4.0,4.0,2.0,4.0,0.2,0.571,0.1,1,0,False
claude,T3,B_Op5,3,1.003,0.744,0.625,0.25,-0.002,0.322,0.32,0.218,4.0,4.0,4.0,4.0,2.0,4.0,0.111,0.6,0.091,2,0,False
claude,T3,B_Op5,4,0.827,0.609,0.5,0.25,-0.056,0.336,0.28,0.236,4.0,4.0,4.0,4.0,3.0,4.0,0.182,0.4,0.182,0,0,False
claude,T3,B_Op5,5,0.869,0.55,0.625,0.25,-0.12,0.32,0.2,0.255,4.0,4.0,4.0,4.0,2.0,4.0,0.1,0.0,0.273,1,0,False
claude,T3,B_Op7,1,0.805,0.15,0.75,0.25,-0.1,0.346,0.246,0.3,3.0,4.0,4.0,4.0,1.0,5.0,0.231,0.231,0.5,0,0,False
claude,T3,B_Op7,2,0.65,0.15,0.625,0.1,-0.167,0.367,0.2,0.194,4.0,4.0,4.0,5.0,2.0,5.0,0.333,0.25,0.222,0,0,False
claude,T3,B_Op7,3,0.808,0.15,0.375,0.7,-0.165,0.327,0.162,0.212,4.0,4.0,4.0,1.0,4.0,5.0,0.133,0.059,0.308,0,0,True
claude,T3,B_Op7,4,0.674,0.542,0.312,0.25,-0.166,0.371,0.205,0.225,4.0,5.0,4.0,4.0,4.0,4.0,0.357,0.273,0.375,0,0,True
claude,T3,B_Op7,5,0.746,0.661,0.312,0.15,-0.135,0.315,0.18,0.171,4.0,5.0,5.0,4.0,4.0,4.0,0.077,0.4,0.357,1,0,True
claude,T4,B0,1,0.347,0.15,0.188,0.25,-0.267,0.517,0.25,0.214,5.0,4.0,4.0,4.0,4.0,3.0,0.333,0.25,0.071,0,0,
claude,T4,B0,2,0.26,0.15,0.188,0.1,-0.346,0.546,0.2,0.2,5.0,4.0,4.0,5.0,4.0,4.0,0.231,0.25,0.25,0,0,
claude,T4,B0,3,0.579,0.15,0.5,0.25,-0.216,0.557,0.341,0.268,4.0,3.0,4.0,4.0,2.0,4.0,0.286,0.455,0.091,0,0,
claude,T4,B0,4,0.761,0.731,0.188,0.1,-0.158,0.467,0.309,0.25,4.0,4.0,4.0,5.0,4.0,4.0,0.083,0.545,0.25,0,0,
claude,T4,B0,5,0.744,0.675,0.188,0.25,-0.18,0.5,0.32,0.28,4.0,4.0,4.0,4.0,4.0,4.0,0.25,0.6,0.4,0,0,
claude,T4,B_Op3,1,0.722,0.511,0.5,0.1,-0.254,0.494,0.24,0.273,5.0,3.0,4.0,5.0,2.0,4.0,0.222,0.2,0.364,0,0,False
claude,T4,B_Op3,2,0.693,0.611,0.312,0.1,-0.345,0.539,0.194,0.167,5.0,4.0,4.0,5.0,3.0,4.0,0.444,0.222,0.083,0,0,False
claude,T4,B_Op3,3,0.639,0.549,0.312,0.1,-0.319,0.486,0.167,0.223,5.0,4.0,4.0,5.0,3.0,4.0,0.182,0.083,0.364,0,0,False
claude,T4,B_Op3,4,0.816,0.637,0.5,0.1,-0.305,0.505,0.2,0.236,5.0,3.0,4.0,5.0,2.0,4.0,0.273,0.0,0.182,0,0,False
claude,T4,B_Op3,5,0.558,0.516,0.188,0.1,-0.307,0.517,0.21,0.196,5.0,4.0,4.0,5.0,4.0,4.0,0.333,0.3,0.231,0,0,False
claude,T4,B_Op5,1,0.736,0.625,0.375,0.1,-0.2,0.483,0.283,0.271,5.0,3.0,4.0,5.0,3.0,4.0,0.167,0.417,0.357,0,0,False
claude,T4,B_Op5,2,0.26,0.15,0.188,0.1,-0.34,0.536,0.196,0.196,5.0,4.0,4.0,5.0,4.0,4.0,0.182,0.231,0.231,0,0,False
claude,T4,B_Op5,3,0.754,0.605,0.375,0.25,-0.058,0.481,0.423,0.364,4.0,1.0,4.0,4.0,4.0,4.0,0.154,0.364,0.071,0,0,False
claude,T4,B_Op5,4,0.308,0.15,0.25,0.1,-0.257,0.553,0.296,0.327,4.0,3.0,4.0,5.0,4.0,4.0,0.267,0.231,0.385,0,0,False
claude,T4,B_Op5,5,0.711,0.524,0.375,0.3,-0.06,0.496,0.436,0.431,5.0,1.0,2.0,5.0,4.0,4.0,0.231,0.182,0.154,0,0,False
claude,T4,B_Op7,1,0.191,0.15,0.062,0.1,-0.179,0.438,0.259,0.22,4.0,4.0,4.0,5.0,5.0,4.0,0.188,0.294,0.1,0,0,True
claude,T4,B_Op7,2,0.195,0.15,0.125,0.0,-0.28,0.49,0.21,0.179,4.0,5.0,5.0,5.0,4.0,3.0,0.2,0.3,0.143,0,0,True
claude,T4,B_Op7,3,0.384,0.15,0.25,0.25,-0.229,0.5,0.271,0.246,4.0,4.0,4.0,4.0,4.0,4.0,0.25,0.357,0.231,0,0,True
claude,T4,B_Op7,4,0.26,0.15,0.188,0.1,-0.167,0.424,0.257,0.274,4.0,4.0,4.0,5.0,4.0,4.0,0.118,0.286,0.368,0,0,True
claude,T4,B_Op7,5,0.588,0.532,0.0,0.25,-0.287,0.497,0.21,0.17,4.0,5.0,4.0,4.0,5.0,4.0,0.235,0.3,0.1,0,0,True
claude,T5,B0,1,0.82,0.527,0.188,0.6,-0.139,0.483,0.344,0.3,1.0,4.0,5.0,1.0,4.0,4.0,0.167,0.222,0.0,0,0,
claude,T5,B0,2,0.863,0.5,0.438,0.55,-0.15,0.468,0.318,0.3,2.0,4.0,4.0,2.0,2.0,4.0,0.091,0.091,0.0,0,0,
claude,T5,B0,3,0.706,0.633,0.188,0.25,-0.197,0.517,0.32,0.233,4.0,4.0,4.0,4.0,4.0,4.0,0.333,0.6,0.167,0,0,
claude,T5,B0,4,0.87,0.598,0.312,0.55,-0.111,0.494,0.383,0.318,2.0,4.0,4.0,2.0,3.0,4.0,0.222,0.417,0.091,0,0,
claude,T5,B0,5,0.699,0.625,0.188,0.25,-0.2,0.45,0.25,0.273,4.0,4.0,4.0,4.0,4.0,4.0,0.0,0.25,0.364,0,0,
claude,T5,B_Op3,1,0.792,0.611,0.438,0.25,-0.206,0.45,0.244,0.2,4.0,4.0,4.0,4.0,2.0,4.0,0.0,0.222,0.0,0,0,False
claude,T5,B_Op3,2,0.283,0.15,0.188,0.15,-0.17,0.45,0.28,0.225,4.0,4.0,5.0,4.0,4.0,3.0,0.0,0.4,0.125,0,0,True
claude,T5,B_Op3,3,0.672,0.5,0.438,0.1,-0.25,0.45,0.2,0.244,4.0,4.0,4.0,5.0,2.0,4.0,0.0,0.0,0.222,0,0,False
claude,T5,B_Op3,4,0.806,0.5,0.312,0.55,-0.15,0.45,0.3,0.32,2.0,4.0,4.0,2.0,3.0,4.0,0.0,0.0,0.1,0,0,False
claude,T5,B_Op3,5,0.681,0.5,0.438,0.15,-0.3,0.49,0.19,0.165,4.0,4.0,5.0,4.0,2.0,4.0,0.2,0.2,0.077,0,0,False
claude,T5,B_Op5,1,0.347,0.15,0.188,0.25,-0.167,0.472,0.305,0.265,4.0,4.0,4.0,4.0,4.0,3.0,0.111,0.273,0.077,0,0,False
claude,T5,B_Op5,2,0.6,0.55,0.188,0.15,-0.28,0.49,0.21,0.167,4.0,4.0,5.0,4.0,4.0,4.0,0.2,0.3,0.083,1,1,False
claude,T5,B_Op5,3,0.65,0.1,0.625,0.15,-0.06,0.517,0.457,0.422,4.0,1.0,5.0,4.0,2.0,2.0,0.333,0.286,0.111,1,1,False
claude,T5,B_Op5,4,0.75,0.682,0.188,0.25,-0.177,0.45,0.273,0.22,4.0,4.0,4.0,4.0,4.0,4.0,0.0,0.364,0.1,0,2,False
claude,T5,B_Op5,5,1.066,0.507,0.562,0.75,-0.053,0.475,0.422,0.45,2.0,4.0,2.0,2.0,1.0,4.0,0.125,0.111,0.25,0,0,False
claude,T5,B_Op7,1,0.742,0.625,0.312,0.25,-0.2,0.45,0.25,0.246,4.0,4.0,4.0,4.0,3.0,4.0,0.0,0.25,0.231,1,0,False
claude,T5,B_Op7,2,0.918,0.666,0.312,0.55,-0.033,0.45,0.417,0.393,1.0,4.0,4.0,2.0,3.0,4.0,0.0,0.333,0.214,0,0,False
claude,T5,B_Op7,3,0.427,0.15,0.312,0.25,-0.12,0.42,0.3,0.265,3.0,4.0,4.0,4.0,3.0,4.0,0.1,0.25,0.077,0,0,False
claude,T5,B_Op7,4,0.64,0.5,0.312,0.25,-0.25,0.486,0.236,0.231,4.0,4.0,4.0,4.0,3.0,4.0,0.182,0.182,0.154,0,0,False
claude,T5,B_Op7,5,0.848,0.637,0.5,0.25,-0.145,0.45,0.305,0.294,4.0,3.0,4.0,4.0,2.0,4.0,0.0,0.273,0.222,0,0,False
gemini,T1,B0,1,0.779,0.514,0.375,0.45,0.044,0.256,0.3,0.305,3.0,4.0,2.0,4.0,4.0,5.0,0.029,0.0,0.023,1,0,
gemini,T1,B0,2,0.672,0.576,0.312,0.15,-0.081,0.286,0.205,0.211,1.0,5.0,5.0,4.0,4.0,5.0,0.179,0.027,0.057,1,0,
gemini,T1,B0,3,0.693,0.526,0.375,0.25,-0.11,0.225,0.115,0.1,4.0,5.0,4.0,4.0,4.0,5.0,0.125,0.073,0.0,1,0,
gemini,T1,B0,4,0.749,0.511,0.312,0.45,-0.095,0.262,0.167,0.168,2.0,5.0,5.0,2.0,4.0,5.0,0.061,0.083,0.088,1,0,
gemini,T1,B0,5,0.81,0.559,0.375,0.45,0.024,0.2,0.224,0.2,1.0,5.0,5.0,2.0,4.0,5.0,0.0,0.119,0.0,1,0,
gemini,T1,B_Op3,1,0.883,0.572,0.625,0.25,-0.071,0.3,0.229,0.236,4.0,4.0,4.0,4.0,2.0,4.0,0.0,0.143,0.182,0,0,False
gemini,T1,B_Op3,2,0.765,0.15,0.75,0.0,-0.25,0.3,0.05,0.05,5.0,4.0,5.0,5.0,1.0,5.0,0.0,0.0,0.0,0,0,False
gemini,T1,B_Op3,3,0.793,0.5,0.562,0.25,-0.15,0.3,0.15,0.183,4.0,5.0,4.0,4.0,2.0,4.0,0.0,0.0,0.167,0,0,False
gemini,T1,B_Op3,4,0.759,0.5,0.562,0.1,-0.3,0.4,0.1,0.14,5.0,4.0,4.0,5.0,1.0,5.0,0.0,0.0,0.2,0,1,False
gemini,T1,B_Op3,5,0.283,0.15,0.188,0.15,-0.233,0.3,0.067,0.0,5.0,5.0,5.0,4.0,5.0,5.0,0.0,0.333,0.0,0,0,False
gemini,T1,B_Op5,1,0.673,0.541,0.312,0.25,-0.133,0.3,0.167,0.158,4.0,5.0,4.0,4.0,4.0,4.0,0.0,0.083,0.042,1,0,False
gemini,T1,B_Op5,2,0.568,0.15,0.312,0.45,0.021,0.25,0.271,0.267,1.0,5.0,5.0,2.0,4.0,4.0,0.0,0.103,0.087,1,0,False
gemini,T1,B_Op5,3,0.427,0.15,0.312,0.25,-0.086,0.3,0.214,0.207,2.0,5.0,4.0,4.0,4.0,5.0,0.0,0.071,0.034,1,0,False
gemini,T1,B_Op5,4,0.854,0.521,0.312,0.6,-0.108,0.272,0.164,0.15,2.0,5.0,5.0,1.0,4.0,5.0,0.111,0.069,0.0,1,0,False
gemini,T1,B_Op5,5,0.526,0.15,0.438,0.25,-0.2,0.3,0.1,0.11,4.0,5.0,4.0,4.0,3.0,5.0,0.0,0.0,0.05,1,0,False
gemini,T1,B_Op7,1,0.838,0.509,0.375,0.55,0.003,0.258,0.261,0.262,2.0,4.0,4.0,2.0,4.0,5.0,0.038,0.057,0.059,1,0,True
gemini,T1,B_Op7,2,0.688,0.56,0.312,0.25,-0.126,0.25,0.124,0.115,4.0,5.0,4.0,4.0,4.0,5.0,0.0,0.121,0.074,1,0,True
gemini,T1,B_Op7,3,0.741,0.54,0.312,0.4,-0.134,0.25,0.116,0.116,4.0,5.0,4.0,3.0,4.0,5.0,0.0,0.081,0.081,0,0,True
gemini,T1,B_Op7,4,0.68,0.509,0.375,0.25,-0.104,0.269,0.165,0.159,4.0,4.0,4.0,4.0,4.0,5.0,0.093,0.074,0.045,0,0,True
gemini,T1,B_Op7,5,0.712,0.589,0.312,0.25,-0.014,0.261,0.247,0.217,2.0,5.0,4.0,4.0,4.0,5.0,0.056,0.233,0.083,0,0,True
gemini,T2,B0,1,0.615,0.521,0.312,0.1,-0.158,0.458,0.3,0.311,4.0,2.0,4.0,5.0,4.0,4.0,0.042,0.0,0.057,1,0,
gemini,T2,B0,2,0.63,0.506,0.375,0.0,-0.303,0.417,0.114,0.11,5.0,4.0,5.0,5.0,3.0,4.0,0.083,0.071,0.048,1,0,
gemini,T2,B0,3,0.377,0.15,0.312,0.15,-0.429,0.494,0.065,0.08,5.0,4.0,5.0,4.0,3.0,5.0,0.222,0.077,0.152,1,0,
gemini,T2,B0,4,0.551,0.05,0.375,0.4,-0.271,0.6,0.329,0.317,5.0,1.0,4.0,3.0,4.0,4.0,0.0,0.147,0.086,1,0,
gemini,T2,B0,5,0.662,0.584,0.312,0.0,-0.333,0.483,0.15,0.174,4.0,4.0,5.0,5.0,3.0,4.0,0.167,0.0,0.121,1,2,
gemini,T2,B_Op3,1,0.765,0.15,0.75,0.0,-0.15,0.4,0.25,0.25,5.0,1.0,5.0,5.0,1.0,4.0,0.0,0.0,0.0,0,0,True
gemini,T2,B_Op3,2,0.95,0.5,0.75,0.3,-0.05,0.45,0.4,0.4,5.0,1.0,2.0,5.0,1.0,4.0,0.0,0.0,0.0,0,0,False
gemini,T2,B_Op3,3,0.752,0.05,0.75,0.0,-0.3,0.6,0.3,0.3,4.0,1.0,5.0,5.0,1.0,4.0,0.0,0.0,0.0,0,0,False
gemini,T2,B_Op3,4,0.675,0.05,0.625,0.25,-0.25,0.6,0.35,0.417,4.0,1.0,4.0,4.0,2.0,4.0,0.0,0.0,0.333,0,0,False
gemini,T2,B_Op3,5,1.122,0.1,0.5,1.0,-0.067,0.617,0.55,0.6,1.0,3.0,1.0,1.0,2.0,4.0,0.333,0.0,0.25,0,0,False
gemini,T2,B_Op5,1,0.698,0.523,0.438,0.15,-0.19,0.462,0.272,0.282,4.0,2.0,5.0,4.0,3.0,4.0,0.062,0.108,0.161,1,1,False
gemini,T2,B_Op5,2,0.723,0.518,0.438,0.25,-0.143,0.46,0.317,0.311,4.0,2.0,4.0,4.0,3.0,4.0,0.05,0.087,0.053,1,0,False
gemini,T2,B_Op5,3,0.611,0.573,0.188,0.1,-0.329,0.494,0.165,0.15,5.0,4.0,4.0,5.0,4.0,4.0,0.222,0.077,0.0,1,0,False
gemini,T2,B_Op5,4,0.75,0.59,0.438,0.15,-0.314,0.45,0.136,0.112,5.0,4.0,5.0,4.0,2.0,4.0,0.0,0.179,0.061,1,0,False
gemini,T2,B_Op5,5,0.377,0.15,0.312,0.15,-0.254,0.47,0.216,0.21,2.0,4.0,5.0,4.0,3.0,5.0,0.1,0.081,0.049,0,0,False
gemini,T2,B_Op7,1,0.274,0.05,0.25,0.1,-0.328,0.633,0.305,0.3,3.0,3.0,4.0,5.0,4.0,4.0,0.167,0.026,0.0,0,0,True
gemini,T2,B_Op7,2,0.213,0.0,0.188,0.1,-0.429,0.6,0.171,0.15,4.0,4.0,4.0,5.0,4.0,5.0,0.0,0.105,0.0,0,0,True
gemini,T2,B_Op7,3,0.629,0.0,0.188,0.6,-0.333,0.6,0.267,0.264,1.0,4.0,5.0,1.0,4.0,5.0,0.0,0.087,0.068,1,0,True
gemini,T2,B_Op7,4,0.655,0.576,0.188,0.25,-0.28,0.509,0.229,0.216,4.0,4.0,4.0,4.0,4.0,4.0,0.294,0.143,0.08,1,0,True
gemini,T2,B_Op7,5,0.427,0.15,0.312,0.25,-0.243,0.543,0.3,0.314,4.0,2.0,4.0,4.0,4.0,4.0,0.214,0.0,0.069,1,0,True
gemini,T3,B0,1,0.794,0.617,0.5,0.0,-0.103,0.307,0.204,0.167,4.0,4.0,5.0,5.0,3.0,4.0,0.036,0.27,0.083,0,0,
gemini,T3,B0,2,0.69,0.559,0.375,0.15,-0.177,0.259,0.082,0.055,5.0,4.0,5.0,4.0,4.0,5.0,0.043,0.161,0.026,1,0,
gemini,T3,B0,3,0.36,0.15,0.312,0.1,-0.243,0.3,0.057,0.066,5.0,5.0,4.0,5.0,4.0,5.0,0.0,0.033,0.081,0,0,
gemini,T3,B0,4,0.475,0.15,0.375,0.25,-0.2,0.3,0.1,0.124,5.0,4.0,4.0,4.0,4.0,5.0,0.0,0.0,0.121,1,0,
gemini,T3,B0,5,0.346,0.15,0.312,0.0,-0.307,0.322,0.015,0.009,5.0,5.0,5.0,5.0,4.0,5.0,0.111,0.074,0.047,0,0,
gemini,T3,B_Op3,1,0.643,0.15,0.625,0.0,-0.25,0.3,0.05,0.1,5.0,4.0,5.0,5.0,2.0,5.0,0.0,0.0,0.25,0,0,False
gemini,T3,B_Op3,2,0.962,0.5,0.688,0.45,-0.05,0.35,0.3,0.3,4.0,4.0,2.0,4.0,1.0,4.0,0.0,0.0,0.0,1,0,False
gemini,T3,B_Op3,3,1.047,0.611,0.75,0.4,-0.044,0.344,0.3,0.3,5.0,4.0,1.0,5.0,1.0,4.0,0.222,0.0,0.0,0,0,False
gemini,T3,B_Op3,4,0.907,0.5,0.75,0.1,-0.15,0.3,0.15,0.15,5.0,4.0,4.0,5.0,1.0,4.0,0.0,0.0,0.0,0,0,False
gemini,T3,B_Op3,5,0.85,0.5,0.688,0.0,-0.25,0.35,0.1,0.15,5.0,4.0,5.0,5.0,1.0,4.0,0.0,0.0,0.25,0,0,False
gemini,T3,B_Op5,1,1.048,0.577,0.875,0.0,-0.131,0.331,0.2,0.2,5.0,2.0,5.0,5.0,1.0,4.0,0.154,0.0,0.0,0,0,True
gemini,T3,B_Op5,2,0.902,0.781,0.375,0.25,0.012,0.3,0.312,0.219,4.0,4.0,4.0,4.0,4.0,4.0,0.0,0.562,0.095,1,0,False
gemini,T3,B_Op5,3,0.416,0.15,0.375,0.1,-0.192,0.312,0.12,0.1,5.0,4.0,4.0,5.0,4.0,5.0,0.062,0.1,0.0,0,0,False
gemini,T3,B_Op5,4,0.346,0.15,0.312,0.0,-0.269,0.3,0.031,0.032,5.0,5.0,5.0,5.0,4.0,5.0,0.0,0.154,0.16,1,0,False
gemini,T3,B_Op5,5,0.99,0.572,0.75,0.3,-0.021,0.3,0.279,0.262,5.0,4.0,2.0,5.0,1.0,4.0,0.0,0.143,0.059,0,0,False
gemini,T3,B_Op7,1,0.709,0.593,0.375,0.1,-0.137,0.287,0.15,0.15,4.0,4.0,4.0,5.0,4.0,5.0,0.185,0.0,0.0,0,0,True
gemini,T3,B_Op7,2,0.331,0.05,0.312,0.1,-0.35,0.4,0.05,0.065,5.0,5.0,4.0,5.0,4.0,5.0,0.0,0.0,0.073,0,0,True
gemini,T3,B_Op7,3,0.427,0.15,0.312,0.25,-0.152,0.281,0.129,0.111,5.0,5.0,4.0,4.0,4.0,4.0,0.154,0.143,0.057,0,0,True
gemini,T3,B_Op7,4,0.416,0.15,0.375,0.1,-0.232,0.338,0.106,0.115,5.0,4.0,4.0,5.0,4.0,5.0,0.188,0.029,0.073,0,0,True
gemini,T3,B_Op7,5,0.404,0.15,0.375,0.0,-0.179,0.3,0.121,0.111,4.0,4.0,5.0,5.0,4.0,5.0,0.0,0.105,0.057,0,0,True
gemini,T4,B0,1,0.545,0.512,0.188,0.0,-0.295,0.45,0.155,0.164,4.0,4.0,5.0,5.0,4.0,4.0,0.0,0.024,0.068,0,0,
gemini,T4,B0,2,0.347,0.15,0.188,0.25,-0.306,0.468,0.162,0.164,4.0,4.0,4.0,4.0,4.0,5.0,0.091,0.062,0.071,0,0,
gemini,T4,B0,3,0.283,0.15,0.188,0.15,-0.344,0.46,0.116,0.1,4.0,4.0,5.0,4.0,4.0,5.0,0.05,0.079,0.0,0,0,
gemini,T4,B0,4,0.617,0.564,0.25,0.0,-0.225,0.41,0.185,0.15,4.0,4.0,5.0,5.0,4.0,4.0,0.048,0.176,0.0,0,0,
gemini,T4,B0,5,0.567,0.514,0.188,0.15,-0.344,0.4,0.056,0.09,5.0,4.0,5.0,4.0,4.0,5.0,0.0,0.029,0.2,0,0,
gemini,T4,B_Op3,1,0.752,0.5,0.562,0.0,-0.35,0.45,0.1,0.1,5.0,4.0,5.0,5.0,1.0,4.0,0.0,0.0,0.0,0,0,False
gemini,T4,B_Op3,2,0.752,0.5,0.562,0.0,-0.3,0.45,0.15,0.2,4.0,4.0,5.0,5.0,1.0,4.0,0.0,0.0,0.25,0,0,False
gemini,T4,B_Op3,3,0.752,0.5,0.562,0.0,-0.35,0.45,0.1,0.1,5.0,4.0,5.0,5.0,1.0,4.0,0.0,0.0,0.0,0,0,False
gemini,T4,B_Op3,4,0.869,0.75,0.438,0.0,-0.2,0.45,0.25,0.15,4.0,4.0,5.0,5.0,2.0,4.0,0.0,0.5,0.0,0,0,False
gemini,T4,B_Op3,5,0.75,0.6,0.438,0.1,-0.26,0.45,0.19,0.15,5.0,4.0,4.0,5.0,2.0,4.0,0.0,0.2,0.0,0,0,False
gemini,T4,B_Op5,1,0.628,0.544,0.188,0.25,-0.232,0.45,0.218,0.2,4.0,4.0,4.0,4.0,4.0,4.0,0.0,0.088,0.0,0,0,False
gemini,T4,B_Op5,2,0.54,0.1,0.438,0.3,-0.008,0.458,0.45,0.461,5.0,2.0,2.0,5.0,3.0,2.0,0.042,0.0,0.053,0,0,False
gemini,T4,B_Op5,3,0.589,0.5,0.312,0.0,-0.35,0.45,0.1,0.107,5.0,4.0,5.0,5.0,3.0,4.0,0.0,0.0,0.034,0,0,False
gemini,T4,B_Op5,4,0.474,0.15,0.438,0.1,-0.357,0.507,0.15,0.168,5.0,4.0,4.0,5.0,2.0,4.0,0.036,0.0,0.091,0,0,False
gemini,T4,B_Op5,5,0.604,0.517,0.188,0.25,-0.293,0.458,0.165,0.157,5.0,4.0,4.0,4.0,4.0,4.0,0.04,0.075,0.033,0,0,False
gemini,T4,B_Op7,1,0.534,0.5,0.188,0.0,-0.35,0.45,0.1,0.108,5.0,4.0,5.0,5.0,4.0,4.0,0.0,0.0,0.042,0,0,True
gemini,T4,B_Op7,2,0.246,0.05,0.188,0.15,-0.444,0.6,0.156,0.193,4.0,4.0,5.0,4.0,4.0,4.0,0.0,0.03,0.214,0,0,True
gemini,T4,B_Op7,3,0.298,0.15,0.062,0.25,-0.247,0.45,0.203,0.15,4.0,4.0,4.0,4.0,5.0,5.0,0.0,0.265,0.0,0,0,True
gemini,T4,B_Op7,4,0.347,0.15,0.188,0.25,-0.363,0.463,0.1,0.1,5.0,4.0,4.0,4.0,4.0,5.0,0.067,0.0,0.0,0,0,True
gemini,T4,B_Op7,5,0.347,0.15,0.188,0.25,-0.31,0.467,0.157,0.174,4.0,4.0,4.0,4.0,4.0,5.0,0.083,0.037,0.121,0,0,True
gemini,T5,B0,1,0.283,0.15,0.188,0.15,-0.225,0.4,0.175,0.155,4.0,4.0,5.0,4.0,4.0,4.0,0.0,0.125,0.027,0,0,
gemini,T5,B0,2,0.347,0.15,0.188,0.25,-0.189,0.45,0.261,0.274,2.0,4.0,4.0,4.0,4.0,5.0,0.0,0.053,0.121,1,0,
gemini,T5,B0,3,0.82,0.513,0.5,0.4,0.006,0.312,0.318,0.316,5.0,4.0,1.0,5.0,3.0,4.0,0.062,0.088,0.079,0,1,
gemini,T5,B0,4,1.004,0.5,0.188,0.85,-0.15,0.45,0.3,0.311,5.0,4.0,1.0,2.0,4.0,4.0,0.0,0.0,0.056,1,0,
gemini,T5,B0,5,0.622,0.538,0.188,0.25,-0.285,0.4,0.115,0.1,5.0,4.0,4.0,4.0,4.0,5.0,0.0,0.077,0.0,2,0,
gemini,T5,B_Op3,1,0.582,0.15,0.562,0.0,-0.3,0.4,0.1,0.1,5.0,4.0,5.0,5.0,1.0,4.0,0.0,0.0,0.0,0,0,True
gemini,T5,B_Op3,2,0.601,0.15,0.562,0.15,-0.1,0.4,0.3,0.3,1.0,4.0,5.0,4.0,1.0,4.0,0.0,0.0,0.0,0,0,True
gemini,T5,B_Op3,3,0.601,0.15,0.562,0.15,-0.25,0.4,0.15,0.15,4.0,4.0,5.0,4.0,1.0,4.0,0.0,0.0,0.0,0,0,True
gemini,T5,B_Op3,4,0.601,0.15,0.562,0.15,-0.25,0.4,0.15,0.15,4.0,4.0,5.0,4.0,1.0,4.0,0.0,0.0,0.0,0,0,True
gemini,T5,B_Op3,5,1.251,0.5,0.562,1.0,0.05,0.45,0.5,0.5,1.0,4.0,1.0,1.0,1.0,4.0,0.0,0.0,0.0,0,0,False
gemini,T5,B_Op5,1,0.346,0.15,0.312,0.0,-0.247,0.429,0.182,0.17,4.0,4.0,5.0,5.0,3.0,4.0,0.143,0.158,0.1,0,0,False
gemini,T5,B_Op5,2,0.693,0.15,0.312,0.6,-0.139,0.4,0.261,0.256,2.0,4.0,5.0,1.0,3.0,4.0,0.0,0.053,0.032,1,0,False
gemini,T5,B_Op5,3,0.938,0.572,0.438,0.6,-0.121,0.45,0.329,0.312,1.0,4.0,5.0,1.0,2.0,4.0,0.0,0.143,0.061,0,0,False
gemini,T5,B_Op5,4,0.693,0.15,0.312,0.6,-0.136,0.4,0.264,0.275,2.0,4.0,5.0,1.0,3.0,4.0,0.0,0.071,0.125,1,0,False
gemini,T5,B_Op5,5,0.742,0.5,0.312,0.45,-0.15,0.45,0.3,0.3,1.0,4.0,5.0,2.0,3.0,4.0,0.0,0.0,0.0,0,0,False
gemini,T5,B_Op7,1,0.317,0.05,0.188,0.25,-0.381,0.6,0.219,0.2,4.0,4.0,4.0,4.0,4.0,4.0,0.0,0.094,0.0,1,0,True
gemini,T5,B_Op7,2,0.188,0.0,0.188,0.0,-0.493,0.6,0.107,0.113,4.0,4.0,5.0,5.0,4.0,5.0,0.0,0.033,0.065,0,0,True
gemini,T5,B_Op7,3,0.834,0.548,0.188,0.6,-0.33,0.462,0.132,0.106,5.0,4.0,5.0,1.0,4.0,4.0,0.062,0.158,0.028,0,0,True
gemini,T5,B_Op7,4,0.636,0.528,0.188,0.3,-0.339,0.45,0.111,0.105,5.0,4.0,5.0,3.0,4.0,4.0,0.0,0.056,0.026,0,0,True
gemini,T5,B_Op7,5,0.561,0.526,0.125,0.15,-0.361,0.467,0.106,0.11,4.0,5.0,5.0,4.0,4.0,4.0,0.083,0.03,0.051,1,0,True
gpt4o,T1,B0,1,1.264,0.75,0.688,0.75,-0.05,0.55,0.5,0.55,2.0,2.0,2.0,2.0,1.0,4.0,0.5,0.0,0.25,1,0,
gpt4o,T1,B0,2,1.126,0.625,0.562,0.75,0.05,0.45,0.5,0.45,1.0,4.0,2.0,2.0,1.0,4.0,0.0,0.25,0.0,1,0,
gpt4o,T1,B0,3,1.062,0.5,0.562,0.75,-0.05,0.5,0.45,0.4,2.0,4.0,2.0,2.0,1.0,4.0,0.25,0.25,0.0,1,0,
gpt4o,T1,B0,4,1.062,0.5,0.562,0.75,0.0,0.45,0.45,0.5,1.0,4.0,2.0,2.0,1.0,4.0,0.0,0.0,0.25,1,0,
gpt4o,T1,B0,5,0.877,0.5,0.562,0.45,-0.15,0.45,0.3,0.3,4.0,4.0,2.0,4.0,1.0,4.0,0.0,0.0,0.0,0,0,
gpt4o,T1,B_Op3,1,0.788,0.05,0.562,0.55,0.25,0.45,0.7,0.7,1.0,2.0,4.0,2.0,2.0,1.0,0.0,0.5,0.5,1,0,True
gpt4o,T1,B_Op3,2,1.173,0.05,0.75,0.9,0.5,0.45,0.95,0.75,1.0,1.0,2.0,1.0,1.0,1.0,0.0,1.0,0.0,0,0,True
gpt4o,T1,B_Op3,3,1.371,0.75,0.562,1.0,0.25,0.6,0.85,0.75,1.0,2.0,1.0,1.0,2.0,1.0,0.0,0.5,0.0,1,0,False
gpt4o,T1,B_Op3,4,1.066,0.1,0.562,0.9,0.2,0.45,0.65,0.65,1.0,2.0,2.0,1.0,2.0,2.0,0.0,0.0,0.0,1,0,True
gpt4o,T1,B_Op3,5,0.987,0.1,0.688,0.7,0.1,0.45,0.55,0.55,1.0,2.0,4.0,1.0,1.0,2.0,0.0,0.0,0.0,1,0,True
gpt4o,T1,B_Op5,1,1.007,0.5,0.75,0.45,0.0,0.45,0.45,0.45,4.0,1.0,2.0,4.0,1.0,4.0,0.0,0.0,0.0,0,0,False
gpt4o,T1,B_Op5,2,1.274,0.5,0.75,0.9,0.15,0.45,0.6,0.6,1.0,1.0,2.0,1.0,1.0,4.0,0.0,0.0,0.0,1,0,False
gpt4o,T1,B_Op5,3,1.134,0.5,0.688,0.75,0.1,0.45,0.55,0.55,1.0,2.0,2.0,2.0,1.0,4.0,0.0,0.0,0.0,0,0,False
gpt4o,T1,B_Op5,4,1.134,0.5,0.688,0.75,0.1,0.45,0.55,0.55,1.0,2.0,2.0,2.0,1.0,4.0,0.0,0.0,0.0,0,0,False
gpt4o,T1,B_Op5,5,1.274,0.5,0.75,0.9,0.0,0.45,0.45,0.45,4.0,1.0,2.0,1.0,1.0,4.0,0.0,0.0,0.0,0,0,False
gpt4o,T1,B_Op7,1,0.682,0.15,0.375,0.55,-0.193,0.66,0.467,0.44,1.0,4.0,4.0,2.0,3.0,3.0,0.8,0.333,0.2,0,0,False
gpt4o,T1,B_Op7,2,0.682,0.15,0.375,0.55,-0.116,0.583,0.467,0.44,2.0,4.0,4.0,2.0,3.0,2.0,0.667,0.333,0.2,0,0,False
gpt4o,T1,B_Op7,3,0.873,0.15,0.5,0.7,-0.133,0.533,0.4,0.4,1.0,4.0,4.0,1.0,2.0,3.0,0.167,0.0,0.0,0,0,False
gpt4o,T1,B_Op7,4,0.832,0.584,0.438,0.4,-0.133,0.55,0.417,0.43,3.0,4.0,4.0,3.0,3.0,2.0,0.5,0.333,0.4,0,0,False
gpt4o,T1,B_Op7,5,0.758,0.15,0.5,0.55,-0.116,0.533,0.417,0.417,2.0,4.0,4.0,2.0,2.0,3.0,0.667,0.333,0.333,0,0,False
gpt4o,T2,B0,1,0.384,0.15,0.25,0.25,-0.155,0.524,0.369,0.36,4.0,3.0,4.0,4.0,4.0,2.0,0.12,0.095,0.048,0,0,
gpt4o,T2,B0,2,0.8,0.1,0.375,0.7,0.081,0.493,0.574,0.574,2.0,1.0,4.0,1.0,4.0,2.0,0.217,0.118,0.118,0,0,
gpt4o,T2,B0,3,0.981,0.1,0.625,0.75,0.19,0.485,0.675,0.659,2.0,1.0,2.0,2.0,2.0,2.0,0.174,0.125,0.045,0,0,
gpt4o,T2,B0,4,0.64,0.1,0.312,0.55,0.007,0.522,0.529,0.519,2.0,2.0,4.0,2.0,4.0,2.0,0.36,0.143,0.095,0,0,
gpt4o,T2,B0,5,1.047,0.585,0.438,0.75,0.016,0.546,0.562,0.576,2.0,2.0,2.0,2.0,3.0,3.0,0.231,0.062,0.13,0,0,
gpt4o,T2,B_Op3,1,1.252,0.666,0.75,0.75,0.033,0.667,0.7,0.7,2.0,1.0,2.0,2.0,1.0,1.0,0.333,0.0,0.0,0,0,False
gpt4o,T2,B_Op3,2,1.173,0.5,0.75,0.75,0.15,0.6,0.75,0.75,1.0,1.0,2.0,2.0,1.0,1.0,0.0,0.0,0.0,0,0,False
gpt4o,T2,B_Op3,3,1.299,0.75,0.75,0.75,0.0,0.7,0.7,0.8,2.0,1.0,2.0,2.0,1.0,1.0,0.5,0.0,0.5,0,0,False
gpt4o,T2,B_Op3,4,1.071,0.15,0.75,0.75,-0.05,0.7,0.65,0.75,2.0,1.0,2.0,2.0,1.0,2.0,0.5,0.0,0.5,2,0,False
gpt4o,T2,B_Op3,5,1.071,0.15,0.75,0.75,0.05,0.6,0.65,0.65,2.0,1.0,2.0,2.0,1.0,2.0,0.0,0.0,0.0,0,0,False
gpt4o,T2,B_Op5,1,0.907,0.1,0.625,0.65,0.083,0.55,0.633,0.629,2.0,1.0,3.0,2.0,2.0,2.0,0.5,0.167,0.143,1,0,False
gpt4o,T2,B_Op5,2,0.69,0.15,0.625,0.25,-0.074,0.524,0.45,0.483,4.0,1.0,4.0,4.0,2.0,2.0,0.118,0.0,0.167,1,0,False
gpt4o,T2,B_Op5,3,1.071,0.15,0.75,0.75,0.112,0.538,0.65,0.667,2.0,1.0,2.0,2.0,1.0,2.0,0.19,0.0,0.083,1,0,False
gpt4o,T2,B_Op5,4,1.066,0.15,0.625,0.85,0.177,0.563,0.74,0.717,2.0,1.0,1.0,2.0,2.0,2.0,0.316,0.2,0.083,0,0,False
gpt4o,T2,B_Op5,5,0.988,0.15,0.625,0.75,0.133,0.567,0.7,0.69,2.0,1.0,2.0,2.0,2.0,2.0,0.333,0.25,0.2,1,0,False
gpt4o,T2,B_Op7,1,0.784,0.521,0.375,0.45,-0.158,0.575,0.417,0.407,2.0,3.0,5.0,2.0,3.0,3.0,0.375,0.333,0.286,0,0,False
gpt4o,T2,B_Op7,2,1.021,0.55,0.5,0.7,-0.02,0.62,0.6,0.575,2.0,1.0,4.0,1.0,3.0,3.0,0.6,0.5,0.375,0,0,False
gpt4o,T2,B_Op7,3,0.846,0.15,0.625,0.55,-0.023,0.573,0.55,0.541,2.0,1.0,4.0,2.0,2.0,4.0,0.364,0.5,0.455,0,0,False
gpt4o,T2,B_Op7,4,0.758,0.15,0.5,0.55,0.045,0.555,0.6,0.55,2.0,1.0,4.0,2.0,3.0,2.0,0.273,0.25,0.0,1,0,False
gpt4o,T2,B_Op7,5,1.04,0.15,0.5,0.9,0.119,0.555,0.674,0.706,2.0,1.0,2.0,1.0,3.0,2.0,0.273,0.118,0.278,0,1,False
gpt4o,T3,B0,1,1.143,0.666,0.812,0.45,0.117,0.35,0.467,0.45,4.0,2.0,2.0,4.0,1.0,4.0,0.0,0.333,0.25,0,0,
gpt4o,T3,B0,2,1.133,0.65,0.812,0.45,-0.01,0.41,0.4,0.433,4.0,2.0,2.0,4.0,1.0,4.0,0.3,0.0,0.167,0,0,
gpt4o,T3,B0,3,1.155,0.611,0.812,0.55,0.106,0.394,0.5,0.567,3.0,2.0,1.0,4.0,1.0,4.0,0.222,0.0,0.333,0,0,
gpt4o,T3,B0,4,1.258,0.6,0.812,0.75,0.11,0.39,0.5,0.5,2.0,2.0,2.0,2.0,1.0,4.0,0.2,0.0,0.0,0,0,
gpt4o,T3,B0,5,0.876,0.05,0.75,0.45,0.13,0.42,0.55,0.55,4.0,2.0,2.0,4.0,1.0,1.0,0.1,0.0,0.0,0,0,
gpt4o,T3,B_Op3,1,0.931,0.05,0.75,0.55,-0.3,0.75,0.45,0.45,4.0,2.0,1.0,4.0,1.0,4.0,1.0,0.0,0.0,0,0,False
gpt4o,T3,B_Op3,2,1.035,0.05,0.875,0.55,0.2,0.55,0.75,0.75,2.0,1.0,1.0,4.0,1.0,1.0,1.0,0.0,0.0,0,0,True
gpt4o,T3,B_Op3,3,1.185,0.666,0.812,0.55,0.267,0.683,0.95,0.75,2.0,1.0,1.0,4.0,1.0,1.0,0.667,1.0,0.0,0,0,False
gpt4o,T3,B_Op3,4,1.218,0.1,0.688,1.0,-0.15,0.7,0.55,0.55,1.0,3.0,1.0,1.0,1.0,4.0,1.0,0.0,0.0,1,0,False
gpt4o,T3,B_Op3,5,1.304,0.666,0.875,0.7,0.083,0.417,0.5,0.5,4.0,1.0,1.0,3.0,1.0,4.0,0.333,0.0,0.0,0,0,False
gpt4o,T3,B_Op5,1,1.029,0.15,0.688,0.75,0.033,0.617,0.65,0.617,2.0,3.0,2.0,2.0,1.0,2.0,0.333,0.5,0.333,0,0,False
gpt4o,T3,B_Op5,2,1.144,0.666,0.75,0.55,0.117,0.6,0.717,0.65,1.0,1.0,4.0,2.0,1.0,1.0,0.0,0.333,0.0,0,0,False
gpt4o,T3,B_Op5,3,0.982,0.05,0.812,0.55,-0.007,0.557,0.55,0.55,2.0,2.0,1.0,4.0,1.0,4.0,0.286,0.0,0.0,0,0,True
gpt4o,T3,B_Op5,4,1.173,0.5,0.75,0.75,0.1,0.4,0.5,0.5,2.0,2.0,2.0,2.0,1.0,4.0,0.0,0.0,0.0,0,0,False
gpt4o,T3,B_Op5,5,1.107,0.05,0.812,0.75,0.243,0.457,0.7,0.7,2.0,1.0,2.0,2.0,1.0,1.0,0.286,0.0,0.0,0,0,True
gpt4o,T3,B_Op7,1,0.749,0.1,0.625,0.4,0.278,0.322,0.6,0.433,2.0,4.0,4.0,3.0,2.0,2.0,0.111,1.0,0.167,0,0,False
gpt4o,T3,B_Op7,2,0.697,0.1,0.562,0.4,0.172,0.461,0.633,0.58,2.0,2.0,4.0,3.0,3.0,2.0,0.556,0.667,0.4,0,0,False
gpt4o,T3,B_Op7,3,0.836,0.15,0.688,0.45,0.1,0.417,0.517,0.45,2.0,4.0,2.0,4.0,1.0,3.0,0.333,0.333,0.0,0,0,False
gpt4o,T3,B_Op7,4,0.69,0.15,0.625,0.25,0.071,0.529,0.6,0.44,3.0,3.0,4.0,4.0,2.0,2.0,0.143,1.0,0.2,0,0,False
gpt4o,T3,B_Op7,5,1.259,0.945,0.625,0.55,0.128,0.422,0.55,0.4,3.0,4.0,4.0,2.0,2.0,2.0,0.111,1.0,0.25,0,0,False
gpt4o,T4,B0,1,0.594,0.1,0.375,0.45,-0.152,0.57,0.418,0.452,5.0,1.0,2.0,4.0,4.0,4.0,0.1,0.091,0.261,0,0,
gpt4o,T4,B0,2,0.785,0.15,0.625,0.45,-0.034,0.505,0.471,0.517,5.0,1.0,2.0,4.0,2.0,3.0,0.273,0.105,0.333,0,0,
gpt4o,T4,B0,3,0.579,0.15,0.5,0.25,-0.048,0.458,0.41,0.395,5.0,1.0,4.0,4.0,3.0,3.0,0.042,0.3,0.227,0,0,
gpt4o,T4,B0,4,0.928,0.518,0.625,0.45,-0.007,0.507,0.5,0.48,4.0,1.0,2.0,4.0,2.0,4.0,0.286,0.25,0.15,0,1,
gpt4o,T4,B0,5,0.837,0.547,0.625,0.1,-0.119,0.469,0.35,0.377,4.0,1.0,4.0,5.0,2.0,4.0,0.095,0.0,0.136,0,0,
gpt4o,T4,B_Op3,1,0.918,0.5,0.625,0.45,0.0,0.55,0.55,0.55,4.0,1.0,2.0,4.0,2.0,2.0,0.0,0.0,0.0,0,0,False
gpt4o,T4,B_Op3,2,0.785,0.15,0.625,0.45,0.05,0.55,0.6,0.8,4.0,1.0,2.0,4.0,2.0,1.0,0.0,0.0,1.0,0,0,True
gpt4o,T4,B_Op3,3,0.863,0.15,0.75,0.4,0.1,0.55,0.65,0.65,4.0,1.0,1.0,5.0,1.0,1.0,0.0,0.0,0.0,0,0,True
gpt4o,T4,B_Op3,4,0.887,0.15,0.75,0.45,0.2,0.55,0.75,0.95,1.0,1.0,2.0,4.0,1.0,1.0,0.0,0.0,1.0,0,0,True
gpt4o,T4,B_Op3,5,0.777,0.1,0.625,0.45,0.033,0.517,0.55,0.75,4.0,1.0,2.0,4.0,2.0,2.0,0.333,0.0,1.0,0,0,True
gpt4o,T4,B_Op5,1,1.149,0.834,0.75,0.25,0.033,0.45,0.483,0.35,4.0,1.0,4.0,4.0,1.0,4.0,0.0,0.667,0.0,0,0,False
gpt4o,T4,B_Op5,2,0.992,0.625,0.625,0.45,-0.05,0.55,0.5,0.527,4.0,1.0,2.0,4.0,2.0,3.0,0.25,0.0,0.133,0,0,False
gpt4o,T4,B_Op5,3,0.918,0.5,0.625,0.45,0.0,0.55,0.55,0.583,4.0,1.0,2.0,4.0,2.0,2.0,0.0,0.0,0.167,0,0,False
gpt4o,T4,B_Op5,4,0.952,0.559,0.625,0.45,-0.024,0.474,0.45,0.488,4.0,1.0,2.0,4.0,2.0,4.0,0.118,0.0,0.188,0,0,False
gpt4o,T4,B_Op5,5,0.785,0.15,0.625,0.45,-0.05,0.5,0.45,0.486,4.0,1.0,2.0,4.0,2.0,4.0,0.0,0.0,0.182,0,0,False
gpt4o,T4,B_Op7,1,0.579,0.15,0.5,0.25,-0.089,0.675,0.586,0.614,4.0,1.0,4.0,4.0,3.0,1.0,0.625,0.429,0.571,0,0,False
gpt4o,T4,B_Op7,2,0.891,0.584,0.5,0.45,0.033,0.667,0.7,0.775,4.0,1.0,2.0,4.0,3.0,1.0,0.333,0.5,0.875,0,0,False
gpt4o,T4,B_Op7,3,0.579,0.15,0.5,0.25,-0.111,0.725,0.614,0.586,3.0,1.0,4.0,4.0,3.0,2.0,0.625,0.571,0.429,0,0,False
gpt4o,T4,B_Op7,4,0.579,0.15,0.5,0.25,-0.014,0.589,0.575,0.486,4.0,1.0,4.0,4.0,3.0,2.0,0.444,0.625,0.182,0,1,False
gpt4o,T4,B_Op7,5,0.68,0.1,0.5,0.45,-0.113,0.623,0.51,0.53,4.0,1.0,2.0,4.0,3.0,4.0,0.364,0.3,0.4,0,0,False
gpt4o,T5,B0,1,0.63,0.05,0.438,0.45,-0.064,0.464,0.4,0.4,2.0,4.0,5.0,2.0,2.0,1.0,0.071,0.0,0.0,1,0,
gpt4o,T5,B0,2,0.636,0.1,0.438,0.45,-0.2,0.55,0.35,0.35,2.0,4.0,5.0,2.0,2.0,2.0,0.5,0.0,0.0,0,0,
gpt4o,T5,B0,3,0.839,0.15,0.438,0.7,-0.172,0.679,0.507,0.45,2.0,4.0,4.0,1.0,2.0,1.0,0.643,0.286,0.0,1,0,
gpt4o,T5,B0,4,1.03,0.15,0.562,0.85,0.188,0.529,0.717,0.717,2.0,2.0,1.0,2.0,2.0,2.0,0.143,0.333,0.333,1,0,
gpt4o,T5,B0,5,0.836,0.15,0.562,0.6,-0.207,0.557,0.35,0.35,2.0,4.0,5.0,1.0,1.0,2.0,0.286,0.0,0.0,0,0,
gpt4o,T5,B_Op3,1,0.914,0.5,0.75,0.15,-0.1,0.55,0.45,0.517,3.0,1.0,5.0,4.0,1.0,2.0,0.0,0.0,0.333,0,0,False
gpt4o,T5,B_Op3,2,0.65,0.1,0.625,0.15,-0.15,0.45,0.3,0.367,4.0,3.0,5.0,4.0,1.0,2.0,0.0,0.0,0.333,0,0,True
gpt4o,T5,B_Op3,3,1.152,0.75,0.75,0.45,-0.15,0.65,0.5,0.567,2.0,1.0,5.0,2.0,1.0,2.0,0.5,0.0,0.333,0,0,False
gpt4o,T5,B_Op3,4,0.942,0.15,0.75,0.55,-0.05,0.6,0.55,0.55,2.0,1.0,4.0,2.0,1.0,2.0,0.5,0.0,0.0,0,0,True
gpt4o,T5,B_Op3,5,0.779,0.15,0.75,0.15,0.0,0.55,0.55,0.65,2.0,1.0,5.0,4.0,1.0,1.0,0.0,0.0,0.5,0,0,True
gpt4o,T5,B_Op5,1,0.935,0.1,0.75,0.55,-0.067,0.667,0.6,0.65,2.0,1.0,4.0,2.0,1.0,1.0,0.833,0.0,0.25,0,0,False
gpt4o,T5,B_Op5,2,0.846,0.15,0.625,0.55,-0.064,0.614,0.55,0.55,2.0,1.0,4.0,2.0,2.0,2.0,0.571,0.0,0.0,0,0,False
gpt4o,T5,B_Op5,3,0.887,0.15,0.75,0.45,-0.15,0.7,0.55,0.617,2.0,1.0,5.0,2.0,1.0,1.0,0.75,0.0,0.333,0,0,False
gpt4o,T5,B_Op5,4,0.876,0.05,0.75,0.45,0.02,0.53,0.55,0.55,2.0,1.0,5.0,2.0,1.0,1.0,0.4,0.0,0.0,0,0,False
gpt4o,T5,B_Op5,5,0.931,0.05,0.75,0.55,0.07,0.53,0.6,0.6,2.0,1.0,4.0,2.0,1.0,1.0,0.4,0.0,0.0,0,0,False
gpt4o,T5,B_Op7,1,0.735,0.15,0.562,0.45,-0.383,0.733,0.35,0.4,2.0,4.0,5.0,2.0,1.0,2.0,0.667,0.0,0.25,0,0,False
gpt4o,T5,B_Op7,2,1.329,1.0,0.75,0.45,-0.25,0.75,0.5,0.5,2.0,1.0,5.0,2.0,1.0,2.0,1.0,0.0,0.0,0,0,False
gpt4o,T5,B_Op7,3,1.186,1.0,0.562,0.3,-0.4,0.75,0.35,0.379,2.0,4.0,5.0,3.0,1.0,2.0,1.0,0.0,0.143,1,0,False
gpt4o,T5,B_Op7,4,0.749,0.1,0.625,0.4,-0.264,0.714,0.45,0.457,3.0,1.0,4.0,3.0,2.0,4.0,0.818,0.25,0.286,0,0,False
gpt4o,T5,B_Op7,5,1.102,0.834,0.562,0.45,-0.233,0.683,0.45,0.45,2.0,2.0,5.0,2.0,2.0,2.0,0.667,0.0,0.0,0,0,False
