model,topic,blockade_condition,repetition,gamma_1,gamma_2,gamma_3,gamma_norm,gamma_initial,gamma_revised,gamma_final,delta_gamma,euclidean_dist_to_claude_B0_mean,euclidean_dist_to_gemini_B0_mean,euclidean_dist_to_gpt4o_B0_mean
claude,T1,B0,1,0.15,0.625,0.25,0.69,0.37,0.227,0.247,-0.143,0.38882062702485315,0.4063236936236921,0.36458900257687415
claude,T1,B0,2,0.15,0.438,0.1,0.474,0.431,0.259,0.232,-0.172,0.333650715569441,0.30192784568502457,0.509027760343186
claude,T1,B0,3,0.556,0.5,0.25,0.788,0.346,0.224,0.238,-0.122,0.23006868539633984,0.2575989596252283,0.37734225949395067
claude,T1,B0,4,0.15,0.375,0.1,0.416,0.303,0.253,0.222,-0.05,0.3194080149276158,0.2793903076343201,0.5282661647313786
claude,T1,B0,5,0.15,0.5,0.25,0.579,0.43,0.262,0.235,-0.168,0.3061478074394785,0.31639207322561036,0.36540407879496906
claude,T1,B_Op3,1,0.669,0.562,0.1,0.879,0.436,0.168,0.193,-0.268,0.39914413436752394,0.39451639256183013,0.5594649057805146
claude,T1,B_Op3,2,0.5,0.625,0.1,0.807,0.422,0.172,0.242,-0.25,0.3618196788456924,0.3579203039784136,0.4844266103343209
claude,T1,B_Op3,3,0.15,0.562,0.1,0.59,0.35,0.267,0.24,-0.083,0.39091963368446975,0.3743467162938658,0.49296959419420583
claude,T1,B_Op3,4,0.6,0.562,0.1,0.828,0.35,0.24,0.283,-0.11,0.35693439173046915,0.3500449456855505,0.5221561268433034
claude,T1,B_Op3,5,0.55,0.625,0.1,0.839,0.4,0.17,0.2,-0.23,0.3782717012941888,0.37570060420499723,0.5029524239925681
claude,T1,B_Op5,1,0.15,0.312,0.25,0.427,0.4,0.267,0.253,-0.133,0.2572122858651974,0.2473771695205522,0.43961235287466616
claude,T1,B_Op5,2,0.15,0.5,0.25,0.579,0.379,0.267,0.236,-0.112,0.3061478074394785,0.31639207322561036,0.36540407879496906
claude,T1,B_Op5,3,0.15,0.375,0.1,0.416,0.386,0.212,0.186,-0.174,0.3194080149276158,0.2793903076343201,0.5282661647313786
claude,T1,B_Op5,4,0.513,0.5,0.25,0.759,0.355,0.26,0.212,-0.095,0.20406675378414776,0.2330716284750248,0.3547380171337715
claude,T1,B_Op5,5,0.654,0.438,0.25,0.826,0.35,0.262,0.246,-0.088,0.27490522003046797,0.2948897149783288,0.45366135034847305
claude,T1,B_Op7,1,0.15,0.5,0.1,0.532,0.335,0.225,0.185,-0.11,0.35808725193728974,0.3343709676392375,0.49721236991852885
claude,T1,B_Op7,2,0.567,0.25,0.7,0.935,0.403,0.327,0.383,-0.076,0.4491695893535091,0.5183530688632989,0.41358725899137655
claude,T1,B_Op7,3,0.15,0.5,0.1,0.532,0.4,0.21,0.203,-0.19,0.35808725193728974,0.3343709676392375,0.49721236991852885
claude,T1,B_Op7,4,0.507,0.5,0.1,0.719,0.343,0.19,0.172,-0.153,0.27360942966206403,0.25423828193252096,0.48736436143813383
claude,T1,B_Op7,5,0.15,0.562,0.4,0.706,0.35,0.188,0.214,-0.162,0.35891246843764013,0.40216347919720413,0.2462093028299296
claude,T2,B0,1,0.575,0.25,0.6,0.868,0.42,0.35,0.34,-0.07,0.36391960650671185,0.42931683405149623,0.3943566162751679
claude,T2,B0,2,0.15,0.188,0.1,0.26,0.55,0.225,0.183,-0.325,0.34808447250631563,0.2931218586185616,0.6205233765137298
claude,T2,B0,3,0.53,0.188,0.55,0.787,0.505,0.367,0.35,-0.138,0.32341985096774756,0.3799405532448465,0.42115135141656623
claude,T2,B0,4,0.518,0.5,0.1,0.727,0.493,0.3,0.265,-0.193,0.27796733621056985,0.2592909254100498,0.4911957459099172
claude,T2,B0,5,0.1,0.25,0.1,0.287,0.53,0.505,0.481,-0.025,0.367274393335555,0.32018735765173495,0.6032148380137875
claude,T2,B_Op3,1,0.548,0.438,0.1,0.709,0.475,0.244,0.236,-0.231,0.2610512593342541,0.23429610325398076,0.5144099345852489
claude,T2,B_Op3,2,0.5,0.312,0.1,0.598,0.468,0.168,0.15,-0.3,0.21421988703199335,0.15557462518032947,0.5431418054246975
claude,T2,B_Op3,3,0.645,0.438,0.7,1.048,0.53,0.372,0.35,-0.158,0.4874835381835986,0.5632681634887595,0.3594093220827752
claude,T2,B_Op3,4,0.512,0.312,0.7,0.922,0.475,0.32,0.322,-0.155,0.42468388243492355,0.5000780179132052,0.33784182807935437
claude,T2,B_Op3,5,0.579,0.5,0.7,1.037,0.539,0.457,0.429,-0.082,0.4764321147865664,0.556068758338391,0.2857560162096329
claude,T2,B_Op5,1,0.517,0.438,0.7,0.974,0.468,0.425,0.45,-0.043,0.43833051456634864,0.5191747143303495,0.26079022374314575
claude,T2,B_Op5,2,0.65,0.312,0.25,0.763,0.49,0.45,0.363,-0.04,0.2508349257978243,0.2581384589711498,0.5011776339782134
claude,T2,B_Op5,3,0.5,0.188,0.7,0.881,0.49,0.34,0.312,-0.15,0.44541531181583777,0.5103218827367684,0.43392771379574274
claude,T2,B_Op5,4,0.512,0.188,0.7,0.887,0.505,0.4,0.393,-0.105,0.44817523358614986,0.5129356528844529,0.43843738526726944
claude,T2,B_Op5,5,0.517,0.312,0.7,0.924,0.483,0.377,0.383,-0.106,0.42599178395832943,0.5012757963436894,0.3403840489799721
claude,T2,B_Op7,1,0.708,0.188,0.25,0.774,0.545,0.162,0.185,-0.383,0.3397218862540357,0.3356418686636099,0.6069200777697176
claude,T2,B_Op7,2,0.15,0.25,0.25,0.384,0.444,0.19,0.203,-0.254,0.2693816623306049,0.2527131654663049,0.47797504202625474
claude,T2,B_Op7,3,0.15,0.188,0.4,0.467,0.497,0.212,0.259,-0.285,0.31170948012532446,0.3279030710438681,0.45016581478384166
claude,T2,B_Op7,4,0.15,0.438,0.6,0.758,0.412,0.294,0.297,-0.118,0.4139115847617701,0.47661349540272147,0.2347536172245276
claude,T2,B_Op7,5,0.508,0.25,0.1,0.575,0.453,0.25,0.293,-0.203,0.23218664905631417,0.16918328522640763,0.5768837498144666
claude,T3,B0,1,0.539,0.5,0.25,0.777,0.373,0.257,0.247,-0.116,0.2191500855578204,0.2472999474322629,0.3679713314920063
claude,T3,B0,2,0.516,0.375,0.25,0.685,0.383,0.277,0.25,-0.106,0.12690862854825907,0.14593499922910882,0.39839500599279604
claude,T3,B0,3,0.15,0.375,0.25,0.475,0.336,0.2,0.183,-0.136,0.259848956126439,0.25760229812639485,0.40665112910208423
claude,T3,B0,4,0.576,0.375,0.4,0.795,0.336,0.317,0.339,-0.019,0.20913392838083444,0.26975882562021947,0.3383622035629866
claude,T3,B0,5,0.532,0.312,0.55,0.826,0.373,0.36,0.367,-0.013,0.290872480650886,0.3631468353159642,0.316281363345993
claude,T3,B_Op3,1,0.555,0.562,0.1,0.796,0.3,0.122,0.125,-0.178,0.33424356388717497,0.32567908130550854,0.5014570976663906
claude,T3,B_Op3,2,0.562,0.75,0.25,0.97,0.3,0.225,0.257,-0.075,0.448286426294618,0.4791351625585415,0.4183900342981414
claude,T3,B_Op3,3,0.15,0.625,0.25,0.69,0.329,0.15,0.194,-0.179,0.38882062702485315,0.4063236936236921,0.36458900257687415
claude,T3,B_Op3,4,0.555,0.562,0.1,0.796,0.372,0.2,0.229,-0.172,0.33424356388717497,0.32567908130550854,0.5014570976663906
claude,T3,B_Op3,5,0.528,0.375,0.25,0.694,0.329,0.24,0.218,-0.089,0.13768093549943652,0.15606275660771854,0.4037779845410098
claude,T3,B_Op5,1,0.6,0.625,0.25,0.902,0.36,0.22,0.2,-0.14,0.3546342905022017,0.3840507049856828,0.4031787950773204
claude,T3,B_Op5,2,0.685,0.625,0.25,0.96,0.34,0.314,0.22,-0.026,0.4079701949897811,0.43548219711028374,0.46219534917608157
claude,T3,B_Op5,3,0.744,0.625,0.25,1.003,0.322,0.32,0.218,-0.002,0.45074201046718504,0.4768623113646118,0.5075136459249149
claude,T3,B_Op5,4,0.609,0.5,0.25,0.827,0.336,0.28,0.236,-0.056,0.2682035793944592,0.29373264033811425,0.409721491747748
claude,T3,B_Op5,5,0.55,0.625,0.25,0.869,0.32,0.2,0.255,-0.12,0.3295291792846272,0.35979291821824394,0.3731770904007908
claude,T3,B_Op7,1,0.15,0.75,0.25,0.805,0.346,0.246,0.3,-0.1,0.48978207398801354,0.5112180982711783,0.40445041822206085
claude,T3,B_Op7,2,0.15,0.625,0.1,0.65,0.367,0.2,0.194,-0.167,0.43090773954525347,0.42047466511075315,0.49661367359346836
claude,T3,B_Op7,3,0.15,0.375,0.7,0.808,0.327,0.162,0.212,-0.165,0.4837576666059154,0.5488706077027626,0.30702628682248045
claude,T3,B_Op7,4,0.542,0.312,0.25,0.674,0.371,0.205,0.225,-0.166,0.14588351517563597,0.15206716936932838,0.44309400898680634
claude,T3,B_Op7,5,0.661,0.312,0.15,0.746,0.315,0.18,0.171,-0.135,0.294054212688749,0.27418268362535225,0.5734755973884155
claude,T4,B0,1,0.15,0.188,0.25,0.347,0.517,0.25,0.214,-0.267,0.29438546159754564,0.2724342562894762,0.5209119511011434
claude,T4,B0,2,0.15,0.188,0.1,0.26,0.546,0.2,0.2,-0.346,0.34808447250631563,0.2931218586185616,0.6205233765137298
claude,T4,B0,3,0.15,0.5,0.25,0.579,0.557,0.341,0.268,-0.216,0.3061478074394785,0.31639207322561036,0.36540407879496906
claude,T4,B0,4,0.731,0.188,0.1,0.761,0.467,0.309,0.25,-0.158,0.40553534987717166,0.37323277455228926,0.7066918004335412
claude,T4,B0,5,0.675,0.188,0.25,0.744,0.5,0.32,0.28,-0.18,0.31046062552278675,0.30505314946743295,0.587614040676361
claude,T4,B_Op3,1,0.511,0.5,0.1,0.722,0.494,0.24,0.273,-0.254,0.2751512311438929,0.2560324666912382,0.48873242249721877
claude,T4,B_Op3,2,0.611,0.312,0.1,0.693,0.539,0.194,0.167,-0.345,0.28229750264570175,0.2448104246146393,0.585134395502435
claude,T4,B_Op3,3,0.549,0.312,0.1,0.639,0.486,0.167,0.223,-0.319,0.2403614777787822,0.19219152946995352,0.559356935060253
claude,T4,B_Op3,4,0.637,0.5,0.1,0.816,0.505,0.2,0.236,-0.305,0.34458630268773016,0.33282353282182436,0.545255188696082
claude,T4,B_Op3,5,0.516,0.188,0.1,0.558,0.517,0.21,0.196,-0.307,0.26409680043499206,0.20213486586930024,0.6151444552298265
claude,T4,B_Op5,1,0.625,0.375,0.1,0.736,0.483,0.283,0.271,-0.2,0.2950736857125691,0.2671178466519974,0.5676390937911165
claude,T4,B_Op5,2,0.15,0.188,0.1,0.26,0.536,0.196,0.196,-0.34,0.34808447250631563,0.2931218586185616,0.6205233765137298
claude,T4,B_Op5,3,0.605,0.375,0.25,0.754,0.481,0.423,0.364,-0.058,0.2099954285216704,0.22546472894889785,0.4445192243311868
claude,T4,B_Op5,4,0.15,0.25,0.1,0.308,0.553,0.296,0.327,-0.257,0.3272101465419433,0.274888966675638,0.5849445621595263
claude,T4,B_Op5,5,0.524,0.375,0.3,0.711,0.496,0.436,0.431,-0.06,0.1283509252011843,0.17147613244997098,0.36560265425732347
claude,T4,B_Op7,1,0.15,0.062,0.1,0.191,0.438,0.259,0.22,-0.179,0.41653110328041537,0.36146294969194287,0.704200980402612
claude,T4,B_Op7,2,0.15,0.125,0.0,0.195,0.49,0.21,0.179,-0.28,0.437448831293444,0.3702957520685324,0.73301101001281
claude,T4,B_Op7,3,0.15,0.25,0.25,0.384,0.5,0.271,0.246,-0.229,0.2693816623306049,0.2527131654663049,0.47797504202625474
claude,T4,B_Op7,4,0.15,0.188,0.1,0.26,0.424,0.257,0.274,-0.167,0.34808447250631563,0.2931218586185616,0.6205233765137298
claude,T4,B_Op7,5,0.532,0.0,0.25,0.588,0.497,0.21,0.17,-0.287,0.3589639536220873,0.3342216390361342,0.6690104788416995
claude,T5,B0,1,0.527,0.188,0.6,0.82,0.483,0.344,0.3,-0.139,0.36379780098290865,0.42385278576411406,0.42231497818571395
claude,T5,B0,2,0.5,0.438,0.55,0.863,0.468,0.318,0.3,-0.15,0.2967402904898491,0.3773174048463707,0.20261604280016926
claude,T5,B0,3,0.633,0.188,0.25,0.706,0.517,0.32,0.233,-0.197,0.2744484651077503,0.2669540484802581,0.5648796162015407
claude,T5,B0,4,0.598,0.312,0.55,0.87,0.494,0.383,0.318,-0.111,0.325513624906854,0.3929041918839757,0.359804586963535
claude,T5,B0,5,0.625,0.188,0.25,0.699,0.45,0.25,0.273,-0.2,0.2677868555399985,0.25983345435105154,0.5608014450765975
claude,T5,B_Op3,1,0.611,0.438,0.25,0.792,0.45,0.244,0.2,-0.206,0.23633984006087505,0.2578703240002618,0.4252440485180245
claude,T5,B_Op3,2,0.15,0.188,0.15,0.283,0.45,0.28,0.225,-0.17,0.32351630561688854,0.2775255375636628,0.5849352620589735
claude,T5,B_Op3,3,0.5,0.438,0.1,0.672,0.45,0.2,0.244,-0.25,0.23781253120893353,0.2060786840020093,0.4971451104054026
claude,T5,B_Op3,4,0.5,0.312,0.55,0.806,0.45,0.3,0.32,-0.15,0.2781908697279622,0.3522832156092595,0.2981660959934916
claude,T5,B_Op3,5,0.5,0.438,0.15,0.681,0.49,0.19,0.165,-0.3,0.2001369531096144,0.18321687695187908,0.45194386908110606
claude,T5,B_Op5,1,0.15,0.188,0.25,0.347,0.472,0.305,0.265,-0.167,0.29438546159754564,0.2724342562894762,0.5209119511011434
claude,T5,B_Op5,2,0.55,0.188,0.15,0.6,0.49,0.21,0.167,-0.28,0.249140121216957,0.20340212388271664,0.5903264019167701
claude,T5,B_Op5,3,0.1,0.625,0.15,0.65,0.517,0.457,0.422,-0.06,0.4438529936814665,0.4414237691833099,0.4747979999957876
claude,T5,B_Op5,4,0.682,0.188,0.25,0.75,0.45,0.273,0.22,-0.177,0.31660612754651485,0.3115005361151085,0.5916080973076687
claude,T5,B_Op5,5,0.507,0.562,0.75,1.066,0.475,0.422,0.45,-0.053,0.5243603722631984,0.6060269168939612,0.25616967189735795
claude,T5,B_Op7,1,0.625,0.312,0.25,0.742,0.45,0.25,0.246,-0.2,0.22628557178927694,0.23342764189358547,0.4862180794664057
claude,T5,B_Op7,2,0.666,0.312,0.55,0.918,0.45,0.417,0.393,-0.033,0.3702303067011128,0.4320480806576972,0.41096041269202566
claude,T5,B_Op7,3,0.15,0.312,0.25,0.427,0.42,0.3,0.265,-0.12,0.2572122858651974,0.2473771695205522,0.43961235287466616
claude,T5,B_Op7,4,0.5,0.312,0.25,0.64,0.486,0.236,0.231,-0.25,0.10672469255050586,0.1118188892808366,0.42579692436653416
claude,T5,B_Op7,5,0.637,0.5,0.25,0.848,0.45,0.305,0.294,-0.145,0.2902407965810458,0.3147562612562298,0.42848946404783395
gemini,T1,B0,1,0.514,0.375,0.45,0.779,0.256,0.3,0.305,0.044,0.19914507274848658,0.2742540136442856,0.27645415677829843
gemini,T1,B0,2,0.576,0.312,0.15,0.672,0.286,0.205,0.211,-0.081,0.223324159015544,0.19263007034209373,0.5309264175005798
gemini,T1,B0,3,0.526,0.375,0.25,0.693,0.225,0.115,0.1,-0.11,0.1358712625980932,0.1543561595790722,0.40286099438888345
gemini,T1,B0,4,0.511,0.312,0.45,0.749,0.262,0.167,0.168,-0.095,0.19400999974228136,0.26333276286858043,0.32140046795236626
gemini,T1,B0,5,0.559,0.375,0.45,0.81,0.2,0.224,0.2,0.024,0.22727111563064945,0.29663085476733536,0.3064713702778777
gemini,T1,B_Op3,1,0.572,0.625,0.25,0.883,0.3,0.229,0.236,-0.071,0.33989839658344956,0.36983010153312285,0.3858673616671925
gemini,T1,B_Op3,2,0.15,0.75,0.0,0.765,0.3,0.05,0.05,-0.25,0.5677908769960996,0.5530315940341927,0.6148822170139578
gemini,T1,B_Op3,3,0.5,0.562,0.25,0.793,0.3,0.15,0.183,-0.15,0.25209157066431237,0.282388852471198,0.342582867055549
gemini,T1,B_Op3,4,0.5,0.562,0.1,0.759,0.4,0.1,0.14,-0.3,0.31312962172237874,0.3023962036798743,0.4806901505127809
gemini,T1,B_Op3,5,0.15,0.188,0.15,0.283,0.3,0.067,0.0,-0.233,0.32351630561688854,0.2775255375636628,0.5849352620589735
gemini,T1,B_Op5,1,0.541,0.312,0.25,0.673,0.3,0.167,0.158,-0.133,0.1449326740248727,0.1510977961454104,0.44264371767822486
gemini,T1,B_Op5,2,0.15,0.312,0.45,0.568,0.25,0.271,0.267,0.021,0.3002634842933786,0.33999332934632703,0.3341541871651469
gemini,T1,B_Op5,3,0.15,0.312,0.25,0.427,0.3,0.214,0.207,-0.086,0.2572122858651974,0.2473771695205522,0.43961235287466616
gemini,T1,B_Op5,4,0.521,0.312,0.6,0.854,0.272,0.164,0.15,-0.108,0.33225755070426916,0.40629169816770805,0.31317193488561523
gemini,T1,B_Op5,5,0.15,0.438,0.25,0.526,0.3,0.1,0.11,-0.2,0.27716926236507544,0.2818872540573624,0.38132566239370774
gemini,T1,B_Op7,1,0.509,0.375,0.55,0.838,0.258,0.261,0.262,0.003,0.2838594018171673,0.36227871038745846,0.2528491661050121
gemini,T1,B_Op7,2,0.56,0.312,0.25,0.688,0.25,0.124,0.115,-0.126,0.1630992335972184,0.1695767201003723,0.45150129656513727
gemini,T1,B_Op7,3,0.54,0.312,0.4,0.741,0.25,0.116,0.116,-0.134,0.17672283383875448,0.23630206093049633,0.35614129330927075
gemini,T1,B_Op7,4,0.509,0.375,0.25,0.68,0.269,0.165,0.159,-0.104,0.12073176881003607,0.1401637042889492,0.39538930283961904
gemini,T1,B_Op7,5,0.589,0.312,0.25,0.712,0.261,0.247,0.217,-0.014,0.19113984409327112,0.19797167474161542,0.46619071290620967
gemini,T2,B0,1,0.521,0.312,0.1,0.615,0.458,0.3,0.311,-0.158,0.2244884852280847,0.1705079001102295,0.5496150114398259
gemini,T2,B0,2,0.506,0.375,0.0,0.63,0.417,0.114,0.11,-0.303,0.3105649690483458,0.2519290058726863,0.608144868267422
gemini,T2,B0,3,0.15,0.312,0.15,0.377,0.494,0.065,0.08,-0.429,0.2901002585314257,0.25297324759744855,0.5138667344749999
gemini,T2,B0,4,0.05,0.375,0.4,0.551,0.6,0.329,0.317,-0.271,0.3723835119873059,0.39820967341339164,0.38089518348228035
gemini,T2,B0,5,0.584,0.312,0.0,0.662,0.483,0.15,0.174,-0.333,0.3423475427106203,0.2859604588050592,0.6552782468539604
gemini,T2,B_Op3,1,0.15,0.75,0.0,0.765,0.4,0.25,0.25,-0.15,0.5677908769960996,0.5530315940341927,0.6148822170139578
gemini,T2,B_Op3,2,0.5,0.75,0.3,0.95,0.45,0.4,0.4,-0.05,0.4285072694832609,0.46770925156554255,0.3517444254000338
gemini,T2,B_Op3,3,0.05,0.75,0.0,0.752,0.6,0.3,0.3,-0.3,0.618897794470137,0.6039502827220135,0.6530667200217753
gemini,T2,B_Op3,4,0.05,0.625,0.25,0.675,0.6,0.35,0.417,-0.25,0.46024936719130854,0.4732979442169594,0.4258416851366244
gemini,T2,B_Op3,5,0.1,0.5,1.0,1.122,0.617,0.55,0.6,-0.067,0.7899686576061103,0.8622992195288129,0.5115937263102432
gemini,T2,B_Op5,1,0.523,0.438,0.15,0.698,0.462,0.272,0.282,-0.19,0.2122139486461717,0.1973516252783341,0.46048515806701085
gemini,T2,B_Op5,2,0.518,0.438,0.25,0.723,0.46,0.317,0.311,-0.143,0.16081716326312934,0.18678400359773853,0.37344662376302185
gemini,T2,B_Op5,3,0.573,0.188,0.1,0.611,0.494,0.165,0.15,-0.329,0.29300300339757607,0.24073151850142097,0.6336233745688364
gemini,T2,B_Op5,4,0.59,0.438,0.15,0.75,0.45,0.136,0.112,-0.314,0.2560695218099959,0.24626738314279456,0.4906922261458805
gemini,T2,B_Op5,5,0.15,0.312,0.15,0.377,0.47,0.216,0.21,-0.254,0.2901002585314257,0.25297324759744855,0.5138667344749999
gemini,T2,B_Op7,1,0.05,0.25,0.1,0.274,0.633,0.305,0.3,-0.328,0.40952958379096377,0.36670961809039043,0.6249609114176662
gemini,T2,B_Op7,2,0.0,0.188,0.1,0.213,0.6,0.171,0.15,-0.429,0.46865210977867156,0.42636653714849626,0.682036113999838
gemini,T2,B_Op7,3,0.0,0.188,0.6,0.629,0.6,0.267,0.264,-0.333,0.5288050680543824,0.5637272602952602,0.5110511332538067
gemini,T2,B_Op7,4,0.576,0.188,0.25,0.655,0.509,0.229,0.216,-0.28,0.22886310318616235,0.21755758777850057,0.5377481760080641
gemini,T2,B_Op7,5,0.15,0.312,0.25,0.427,0.543,0.3,0.314,-0.243,0.2572122858651974,0.2473771695205522,0.43961235287466616
gemini,T3,B0,1,0.617,0.5,0.0,0.794,0.307,0.204,0.167,-0.103,0.3972270383546417,0.3664340377202969,0.6218572350628397
gemini,T3,B0,2,0.559,0.375,0.15,0.69,0.259,0.082,0.055,-0.177,0.21366366092529637,0.1907612748961382,0.49631109276339974
gemini,T3,B0,3,0.15,0.312,0.1,0.36,0.3,0.057,0.066,-0.243,0.3172667016880278,0.2699915998693293,0.5540388260762958
gemini,T3,B0,4,0.15,0.375,0.25,0.475,0.3,0.1,0.124,-0.2,0.259848956126439,0.25760229812639485,0.40665112910208423
gemini,T3,B0,5,0.15,0.312,0.0,0.346,0.322,0.015,0.009,-0.307,0.38556213507034115,0.3251083880800371,0.6385601152593231
gemini,T3,B_Op3,1,0.15,0.625,0.0,0.643,0.3,0.05,0.1,-0.25,0.483406123254557,0.4578197723995765,0.5894278079629429
gemini,T3,B_Op3,2,0.5,0.688,0.45,0.962,0.35,0.3,0.3,-0.05,0.40151562858748097,0.46412113074067196,0.2256396702709875
gemini,T3,B_Op3,3,0.611,0.75,0.4,1.047,0.344,0.3,0.3,-0.044,0.47897828760811273,0.5307359268035281,0.3609755958510214
gemini,T3,B_Op3,4,0.5,0.75,0.1,0.907,0.3,0.15,0.15,-0.15,0.4686346978191009,0.4736580454294005,0.51509624421073
gemini,T3,B_Op3,5,0.5,0.688,0.0,0.85,0.35,0.1,0.15,-0.25,0.4687374531654153,0.45333036959815515,0.5890783146577371
gemini,T3,B_Op5,1,0.577,0.875,0.0,1.048,0.331,0.2,0.2,-0.131,0.6390645663780773,0.6378194917059214,0.6769622004218551
gemini,T3,B_Op5,2,0.781,0.375,0.25,0.902,0.3,0.312,0.219,0.012,0.382221925064484,0.3948230287103324,0.5666755516166195
gemini,T3,B_Op5,3,0.15,0.375,0.1,0.416,0.312,0.12,0.1,-0.192,0.3194080149276158,0.2793903076343201,0.5282661647313786
gemini,T3,B_Op5,4,0.15,0.312,0.0,0.346,0.3,0.031,0.032,-0.269,0.38556213507034115,0.3251083880800371,0.6385601152593231
gemini,T3,B_Op5,5,0.572,0.75,0.3,0.99,0.3,0.279,0.262,-0.021,0.450262057029015,0.48899826584559575,0.3894208787417541
gemini,T3,B_Op7,1,0.593,0.375,0.1,0.709,0.287,0.15,0.15,-0.137,0.2718452500964473,0.24005787635484901,0.5523868760207831
gemini,T3,B_Op7,2,0.05,0.312,0.1,0.331,0.4,0.05,0.065,-0.35,0.40162938139533566,0.36305297685048665,0.5961333917840872
gemini,T3,B_Op7,3,0.15,0.312,0.25,0.427,0.281,0.129,0.111,-0.152,0.2572122858651974,0.2473771695205522,0.43961235287466616
gemini,T3,B_Op7,4,0.15,0.375,0.1,0.416,0.338,0.106,0.115,-0.232,0.3194080149276158,0.2793903076343201,0.5282661647313786
gemini,T3,B_Op7,5,0.15,0.375,0.0,0.404,0.3,0.121,0.111,-0.179,0.38732606418881754,0.33295486781244094,0.616332005334787
gemini,T4,B0,1,0.512,0.188,0.0,0.545,0.45,0.155,0.164,-0.295,0.34184944054364047,0.26963490871917906,0.6912505629654127
gemini,T4,B0,2,0.15,0.188,0.25,0.347,0.468,0.162,0.164,-0.306,0.29438546159754564,0.2724342562894762,0.5209119511011434
gemini,T4,B0,3,0.15,0.188,0.15,0.283,0.46,0.116,0.1,-0.344,0.32351630561688854,0.2775255375636628,0.5849352620589735
gemini,T4,B0,4,0.564,0.25,0.0,0.617,0.41,0.185,0.15,-0.225,0.34173053711952633,0.2779645013306555,0.6747695167981435
gemini,T4,B0,5,0.514,0.188,0.15,0.567,0.4,0.056,0.09,-0.344,0.2297826799391112,0.17741686503824827,0.5786285689455715
gemini,T4,B_Op3,1,0.5,0.562,0.0,0.752,0.45,0.1,0.1,-0.35,0.38216509521409725,0.35248186336320914,0.5760755339363058
gemini,T4,B_Op3,2,0.5,0.562,0.0,0.752,0.45,0.15,0.2,-0.3,0.38216509521409725,0.35248186336320914,0.5760755339363058
gemini,T4,B_Op3,3,0.5,0.562,0.0,0.752,0.45,0.1,0.1,-0.35,0.38216509521409725,0.35248186336320914,0.5760755339363058
gemini,T4,B_Op3,4,0.75,0.438,0.0,0.869,0.45,0.25,0.15,-0.2,0.46414954486673793,0.43644979550917423,0.6995807750360211
gemini,T4,B_Op3,5,0.6,0.438,0.1,0.75,0.45,0.19,0.15,-0.26,0.2930986182157807,0.27121287580054154,0.53734277774992
gemini,T4,B_Op5,1,0.544,0.188,0.25,0.628,0.45,0.218,0.2,-0.232,0.2057806599270204,0.19168501245532996,0.5246200728146037
gemini,T4,B_Op5,2,0.1,0.438,0.3,0.54,0.458,0.45,0.461,-0.008,0.32116475522697063,0.3354346791850837,0.37311829330655977
gemini,T4,B_Op5,3,0.5,0.312,0.0,0.589,0.45,0.1,0.107,-0.35,0.3064150126870418,0.23875398216574317,0.6291287791859469
gemini,T4,B_Op5,4,0.15,0.438,0.1,0.474,0.507,0.15,0.168,-0.357,0.333650715569441,0.30192784568502457,0.509027760343186
gemini,T4,B_Op5,5,0.517,0.188,0.25,0.604,0.458,0.165,0.157,-0.293,0.188344471647033,0.17147123373907355,0.5148315654658328
gemini,T4,B_Op7,1,0.5,0.188,0.0,0.534,0.45,0.1,0.108,-0.35,0.33822300335725247,0.264628841965497,0.6883990563619331
gemini,T4,B_Op7,2,0.05,0.188,0.15,0.246,0.6,0.156,0.193,-0.444,0.4065843086003197,0.3686901463288652,0.624952206812649
gemini,T4,B_Op7,3,0.15,0.062,0.25,0.298,0.45,0.203,0.15,-0.247,0.3728245700057871,0.34489920846531386,0.6182224686955335
gemini,T4,B_Op7,4,0.15,0.188,0.25,0.347,0.463,0.1,0.1,-0.363,0.29438546159754564,0.2724342562894762,0.5209119511011434
gemini,T4,B_Op7,5,0.15,0.188,0.25,0.347,0.467,0.157,0.174,-0.31,0.29438546159754564,0.2724342562894762,0.5209119511011434
gemini,T5,B0,1,0.15,0.188,0.15,0.283,0.4,0.175,0.155,-0.225,0.32351630561688854,0.2775255375636628,0.5849352620589735
gemini,T5,B0,2,0.15,0.188,0.25,0.347,0.45,0.261,0.274,-0.189,0.29438546159754564,0.2724342562894762,0.5209119511011434
gemini,T5,B0,3,0.513,0.5,0.4,0.82,0.312,0.318,0.316,0.006,0.22834894350532914,0.29601078358735516,0.23903778111419957
gemini,T5,B0,4,0.5,0.188,0.85,1.004,0.45,0.3,0.311,-0.15,0.586425442831397,0.6547735669680015,0.5045723543754652
gemini,T5,B0,5,0.538,0.188,0.25,0.622,0.4,0.115,0.1,-0.285,0.2017239698201481,0.18704508547406426,0.5223401007006834
gemini,T5,B_Op3,1,0.15,0.562,0.0,0.582,0.4,0.1,0.1,-0.3,0.4481273926017021,0.415855099764329,0.5863608281595898
gemini,T5,B_Op3,2,0.15,0.562,0.15,0.601,0.4,0.3,0.3,-0.1,0.36921289251595757,0.3622643565133065,0.4473466450080965
gemini,T5,B_Op3,3,0.15,0.562,0.15,0.601,0.4,0.15,0.15,-0.25,0.36921289251595757,0.3622643565133065,0.4473466450080965
gemini,T5,B_Op3,4,0.15,0.562,0.15,0.601,0.4,0.15,0.15,-0.25,0.36921289251595757,0.3622643565133065,0.4473466450080965
gemini,T5,B_Op3,5,0.5,0.562,1.0,1.251,0.45,0.5,0.5,0.05,0.7523630506610488,0.8344120468929005,0.47314164982592694
gemini,T5,B_Op5,1,0.15,0.312,0.0,0.346,0.429,0.182,0.17,-0.247,0.38556213507034115,0.3251083880800371,0.6385601152593231
gemini,T5,B_Op5,2,0.15,0.312,0.6,0.693,0.4,0.261,0.256,-0.139,0.4008218556915279,0.45705083305908106,0.320872281133787
gemini,T5,B_Op5,3,0.572,0.438,0.6,0.938,0.45,0.329,0.312,-0.121,0.36833712818557945,0.4459100626808056,0.2666040899911327
gemini,T5,B_Op5,4,0.15,0.312,0.6,0.693,0.4,0.264,0.275,-0.136,0.4008218556915279,0.45705083305908106,0.320872281133787
gemini,T5,B_Op5,5,0.5,0.312,0.45,0.742,0.45,0.3,0.3,-0.15,0.18812272589987636,0.2586570393397404,0.31575785152550045
gemini,T5,B_Op7,1,0.05,0.188,0.25,0.317,0.6,0.219,0.2,-0.381,0.3838108909345851,0.36487316152328886,0.5654779047849704
gemini,T5,B_Op7,2,0.0,0.188,0.0,0.188,0.6,0.107,0.113,-0.493,0.5173343213048985,0.46323689835763304,0.7523119438105446
gemini,T5,B_Op7,3,0.548,0.188,0.6,0.834,0.462,0.132,0.106,-0.33,0.3714670375686112,0.430876622712349,0.43192311908486686
gemini,T5,B_Op7,4,0.528,0.188,0.3,0.636,0.45,0.111,0.105,-0.339,0.1913043648221337,0.19574744953638604,0.49104050830863233
gemini,T5,B_Op7,5,0.526,0.125,0.15,0.561,0.467,0.106,0.11,-0.361,0.27892830620071535,0.22996918054382853,0.6249295806728947
gpt4o,T1,B0,1,0.75,0.688,0.75,1.264,0.55,0.5,0.55,-0.05,0.6768270089173452,0.7498189274751604,0.46901307103320694
gpt4o,T1,B0,2,0.625,0.562,0.75,1.126,0.45,0.5,0.45,0.05,0.5597902821593101,0.6385361884811228,0.3441918372071017
gpt4o,T1,B0,3,0.5,0.562,0.75,1.062,0.5,0.45,0.4,-0.05,0.5230202290542881,0.6047672808609937,0.2517201239472125
gpt4o,T1,B0,4,0.5,0.562,0.75,1.062,0.45,0.45,0.5,0.0,0.5230202290542881,0.6047672808609937,0.2517201239472125
gpt4o,T1,B0,5,0.5,0.562,0.45,0.877,0.45,0.3,0.3,-0.15,0.2958887628822697,0.3662560088244287,0.18911113346389732
gpt4o,T1,B_Op3,1,0.05,0.562,0.55,0.788,0.45,0.7,0.7,0.25,0.4949405620880148,0.5467608837508404,0.2921215856454295
gpt4o,T1,B_Op3,2,0.05,0.75,0.9,1.173,0.45,0.95,0.75,0.5,0.8191669426923917,0.8885696056021722,0.48917904779334126
gpt4o,T1,B_Op3,3,0.75,0.562,1.0,1.371,0.6,0.85,0.75,0.25,0.8227576556921242,0.9008126686498142,0.6044195734752474
gpt4o,T1,B_Op3,4,0.1,0.562,0.9,1.066,0.45,0.65,0.65,0.2,0.718778241184303,0.7903742556536112,0.42228784116997736
gpt4o,T1,B_Op3,5,0.1,0.688,0.7,0.987,0.45,0.55,0.55,0.1,0.6215358396745918,0.6866996606959989,0.3083460082439855
gpt4o,T1,B_Op5,1,0.5,0.75,0.45,1.007,0.45,0.45,0.45,0.0,0.4572947408400844,0.5167706880232276,0.26462074899750393
gpt4o,T1,B_Op5,2,0.5,0.75,0.9,1.274,0.45,0.6,0.6,0.15,0.7453982023053183,0.8258038168959986,0.4229942562257791
gpt4o,T1,B_Op5,3,0.5,0.688,0.75,1.134,0.45,0.55,0.55,0.1,0.5892493529907351,0.6685868859018997,0.2802021784355004
gpt4o,T1,B_Op5,4,0.5,0.688,0.75,1.134,0.45,0.55,0.55,0.1,0.5892493529907351,0.6685868859018997,0.2802021784355004
gpt4o,T1,B_Op5,5,0.5,0.75,0.9,1.274,0.45,0.45,0.45,0.0,0.7453982023053183,0.8258038168959986,0.4229942562257791
gpt4o,T1,B_Op7,1,0.15,0.375,0.55,0.682,0.66,0.467,0.44,-0.193,0.36540591128223426,0.42185180336227085,0.2701206041752462
gpt4o,T1,B_Op7,2,0.15,0.375,0.55,0.682,0.583,0.467,0.44,-0.116,0.36540591128223426,0.42185180336227085,0.2701206041752462
gpt4o,T1,B_Op7,3,0.15,0.5,0.7,0.873,0.533,0.4,0.4,-0.133,0.5101239849291542,0.5787952522265537,0.2498402305474441
gpt4o,T1,B_Op7,4,0.584,0.438,0.4,0.832,0.55,0.417,0.43,-0.133,0.23636091047379218,0.2980576185907684,0.31359180601539954
gpt4o,T1,B_Op7,5,0.15,0.5,0.55,0.758,0.533,0.417,0.417,-0.116,0.39965795375545826,0.4601129687370266,0.20278101686301903
gpt4o,T2,B0,1,0.15,0.25,0.25,0.384,0.524,0.369,0.36,-0.155,0.2693816623306049,0.2527131654663049,0.47797504202625474
gpt4o,T2,B0,2,0.1,0.375,0.7,0.8,0.493,0.574,0.574,0.081,0.5117083935211537,0.5729004660497319,0.34054829437247225
gpt4o,T2,B0,3,0.1,0.625,0.75,0.981,0.485,0.675,0.659,0.19,0.6237030383123044,0.6914151748407031,0.3172272699501101
gpt4o,T2,B0,4,0.1,0.312,0.55,0.64,0.522,0.529,0.519,0.007,0.39997769937835287,0.4469356374244507,0.3500957309079904
gpt4o,T2,B0,5,0.585,0.438,0.75,1.047,0.546,0.562,0.576,0.016,0.5056965493257789,0.5847377395037882,0.33693420841463995
gpt4o,T2,B_Op3,1,0.666,0.75,0.75,1.252,0.667,0.7,0.7,0.033,0.6743877223081689,0.7491421921104163,0.4214375170769684
gpt4o,T2,B_Op3,2,0.5,0.75,0.75,1.173,0.6,0.75,0.75,0.15,0.6285845050587868,0.7061529182832852,0.31244862105632665
gpt4o,T2,B_Op3,3,0.75,0.75,0.75,1.299,0.7,0.7,0.8,0.0,0.7113357013393887,0.7834998047223751,0.4889623102039666
gpt4o,T2,B_Op3,4,0.15,0.75,0.75,1.071,0.7,0.65,0.75,-0.05,0.6707357751007471,0.7398269689596345,0.33102891233244264
gpt4o,T2,B_Op3,5,0.15,0.75,0.75,1.071,0.6,0.65,0.65,0.05,0.6707357751007471,0.7398269689596345,0.33102891233244264
gpt4o,T2,B_Op5,1,0.1,0.625,0.65,0.907,0.55,0.633,0.629,0.083,0.5540807522374334,0.6171344618476593,0.26726979028689346
gpt4o,T2,B_Op5,2,0.15,0.625,0.25,0.69,0.524,0.45,0.483,-0.074,0.38882062702485315,0.4063236936236921,0.36458900257687415
gpt4o,T2,B_Op5,3,0.15,0.75,0.75,1.071,0.538,0.65,0.667,0.112,0.6707357751007471,0.7398269689596345,0.33102891233244264
gpt4o,T2,B_Op5,4,0.15,0.625,0.85,1.066,0.563,0.74,0.717,0.177,0.6805743750685886,0.7538560499193463,0.3579457232598261
gpt4o,T2,B_Op5,5,0.15,0.625,0.75,0.988,0.567,0.7,0.69,0.133,0.6009837601799236,0.6716389982721374,0.28093618634843043
gpt4o,T2,B_Op7,1,0.521,0.375,0.45,0.784,0.575,0.417,0.407,-0.158,0.2031216384337228,0.2773741588540648,0.28086078544360726
gpt4o,T2,B_Op7,2,0.55,0.5,0.7,1.021,0.62,0.6,0.575,-0.02,0.46651310806878726,0.5471343016115878,0.26221392182719827
gpt4o,T2,B_Op7,3,0.15,0.625,0.55,0.846,0.573,0.55,0.541,-0.023,0.466027338253884,0.5260218094337914,0.20130857110416336
gpt4o,T2,B_Op7,4,0.15,0.5,0.55,0.758,0.555,0.6,0.55,0.045,0.39965795375545826,0.4601129687370266,0.20278101686301903
gpt4o,T2,B_Op7,5,0.15,0.5,0.9,1.04,0.555,0.674,0.706,0.119,0.6813416764003213,0.7545885925456334,0.4010238656239801
gpt4o,T3,B0,1,0.666,0.812,0.45,1.143,0.35,0.467,0.45,0.117,0.5695528772642625,0.623654987954077,0.4204859816926125
gpt4o,T3,B0,2,0.65,0.812,0.45,1.133,0.41,0.4,0.433,-0.01,0.5623505668175325,0.6168593551207601,0.40828791409984205
gpt4o,T3,B0,3,0.611,0.812,0.55,1.155,0.394,0.5,0.567,0.106,0.5835339578807732,0.6475431599515202,0.3652427422961338
gpt4o,T3,B0,4,0.6,0.812,0.75,1.258,0.39,0.5,0.5,0.11,0.6928651816912147,0.767509911336655,0.40743959159610404
gpt4o,T3,B0,5,0.05,0.75,0.45,0.876,0.42,0.55,0.55,0.13,0.569679278190808,0.6120914506836376,0.36110405813283236
gpt4o,T3,B_Op3,1,0.05,0.75,0.55,0.931,0.75,0.45,0.45,-0.3,0.605420911432699,0.6571574727567207,0.34582674968833743
gpt4o,T3,B_Op3,2,0.05,0.875,0.55,1.035,0.55,0.75,0.75,0.2,0.6974879783910257,0.7478976828417107,0.42602950695931846
gpt4o,T3,B_Op3,3,0.666,0.812,0.55,1.185,0.683,0.95,0.75,0.267,0.6053019742244362,0.6679412728676077,0.40744135872539994
gpt4o,T3,B_Op3,4,0.1,0.688,1.0,1.218,0.7,0.55,0.55,-0.15,0.8498863453427169,0.9236646707544898,0.5221850828968595
gpt4o,T3,B_Op3,5,0.666,0.875,0.7,1.304,0.417,0.5,0.5,0.083,0.7288715936294952,0.7985042416919274,0.47160850374012553
gpt4o,T3,B_Op5,1,0.15,0.688,0.75,1.029,0.617,0.65,0.617,0.033,0.6340211352944001,0.7040599576740606,0.30078108451164276
gpt4o,T3,B_Op5,2,0.666,0.75,0.55,1.144,0.6,0.717,0.65,0.117,0.5574933183456103,0.6219437466523801,0.3731080015223474
gpt4o,T3,B_Op5,3,0.05,0.812,0.55,0.982,0.557,0.55,0.55,-0.007,0.6497123671287165,0.700847675318967,0.38261602266502115
gpt4o,T3,B_Op5,4,0.5,0.75,0.75,1.173,0.4,0.5,0.5,0.1,0.6285845050587868,0.7061529182832852,0.31244862105632665
gpt4o,T3,B_Op5,5,0.05,0.812,0.75,1.107,0.457,0.7,0.7,0.243,0.7524135564966915,0.8158354392890763,0.42987791383135754
gpt4o,T3,B_Op7,1,0.1,0.625,0.4,0.749,0.322,0.6,0.433,0.278,0.4353222714265834,0.47471564541312516,0.2931435498181735
gpt4o,T3,B_Op7,2,0.1,0.562,0.4,0.697,0.461,0.633,0.58,0.172,0.39578044418591474,0.43438630733484224,0.28692685618463803
gpt4o,T3,B_Op7,3,0.15,0.688,0.45,0.836,0.417,0.517,0.45,0.1,0.4647394969227384,0.513907018827336,0.2507374339822436
gpt4o,T3,B_Op7,4,0.15,0.625,0.25,0.69,0.529,0.6,0.44,0.071,0.38882062702485315,0.4063236936236921,0.36458900257687415
gpt4o,T3,B_Op7,5,0.945,0.625,0.55,1.259,0.422,0.55,0.4,0.128,0.668247618776154,0.7210225683014367,0.605923213617039
gpt4o,T4,B0,1,0.1,0.375,0.45,0.594,0.57,0.418,0.452,-0.152,0.34546415154108245,0.3843370187738881,0.3247662864276401
gpt4o,T4,B0,2,0.15,0.625,0.45,0.785,0.505,0.471,0.517,-0.034,0.41854686714871014,0.4685071440223724,0.22655052593185473
gpt4o,T4,B0,3,0.15,0.5,0.25,0.579,0.458,0.41,0.395,-0.048,0.3061478074394785,0.31639207322561036,0.36540407879496906
gpt4o,T4,B0,4,0.518,0.625,0.45,0.928,0.507,0.5,0.48,-0.007,0.35244976947077156,0.41824249425423043,0.2130217378579003
gpt4o,T4,B0,5,0.547,0.625,0.1,0.837,0.469,0.35,0.377,-0.119,0.3771179125949866,0.3744693632328284,0.5017196635572498
gpt4o,T4,B_Op3,1,0.5,0.625,0.45,0.918,0.55,0.55,0.55,0.0,0.3470064552713681,0.41328796740287516,0.19841658398430304
gpt4o,T4,B_Op3,2,0.15,0.625,0.45,0.785,0.55,0.6,0.8,0.05,0.41854686714871014,0.4685071440223724,0.22655052593185473
gpt4o,T4,B_Op3,3,0.15,0.75,0.4,0.863,0.55,0.65,0.65,0.1,0.5003863307485528,0.5428111494801853,0.30802620148292575
gpt4o,T4,B_Op3,4,0.15,0.75,0.45,0.887,0.55,0.75,0.95,0.2,0.5136988222684572,0.5619109751553176,0.28632174349846357
gpt4o,T4,B_Op3,5,0.1,0.625,0.45,0.777,0.517,0.55,0.75,0.033,0.4505612943873452,0.49644228667590357,0.2702464445649562
gpt4o,T4,B_Op5,1,0.834,0.75,0.25,1.149,0.45,0.483,0.35,0.033,0.6010908084474424,0.6282052721841802,0.607182592635856
gpt4o,T4,B_Op5,2,0.625,0.625,0.45,0.992,0.55,0.5,0.527,-0.05,0.400285498113534,0.46129377190679693,0.3073664601091016
gpt4o,T4,B_Op5,3,0.5,0.625,0.45,0.918,0.55,0.55,0.583,0.0,0.3470064552713681,0.41328796740287516,0.19841658398430304
gpt4o,T4,B_Op5,4,0.559,0.625,0.45,0.952,0.474,0.45,0.488,-0.024,0.36784801209195084,0.4321225104064818,0.2479610872697569
gpt4o,T4,B_Op5,5,0.15,0.625,0.45,0.785,0.5,0.45,0.486,-0.05,0.41854686714871014,0.4685071440223724,0.22655052593185473
gpt4o,T4,B_Op7,1,0.15,0.5,0.25,0.579,0.675,0.586,0.614,-0.089,0.3061478074394785,0.31639207322561036,0.36540407879496906
gpt4o,T4,B_Op7,2,0.584,0.5,0.45,0.891,0.667,0.7,0.775,0.033,0.2937178237696854,0.36136112685234967,0.27120232447381415
gpt4o,T4,B_Op7,3,0.15,0.5,0.25,0.579,0.725,0.614,0.586,-0.111,0.3061478074394785,0.31639207322561036,0.36540407879496906
gpt4o,T4,B_Op7,4,0.15,0.5,0.25,0.579,0.589,0.575,0.486,-0.014,0.3061478074394785,0.31639207322561036,0.36540407879496906
gpt4o,T4,B_Op7,5,0.1,0.5,0.45,0.68,0.623,0.51,0.53,-0.113,0.3815107862171134,0.42598115451273194,0.2713450585509159
gpt4o,T5,B0,1,0.05,0.438,0.45,0.63,0.464,0.4,0.4,-0.064,0.4018342942059575,0.43905856556956047,0.3350003892535052
gpt4o,T5,B0,2,0.1,0.438,0.45,0.636,0.55,0.35,0.35,-0.2,0.3586736678374926,0.40101923145904117,0.2924333442000074
gpt4o,T5,B0,3,0.15,0.438,0.7,0.839,0.679,0.507,0.45,-0.172,0.49327760946550164,0.5606785389151255,0.2725972501695496
gpt4o,T5,B0,4,0.15,0.562,0.85,1.03,0.529,0.717,0.717,0.188,0.6559864022980965,0.7291333650300197,0.3528725276923666
gpt4o,T5,B0,5,0.15,0.562,0.6,0.836,0.557,0.35,0.35,-0.207,0.46132218676322084,0.5254859313054917,0.19753232849333804
gpt4o,T5,B_Op3,1,0.5,0.75,0.15,0.914,0.55,0.45,0.517,-0.1,0.45068667608439456,0.46416801268506214,0.47161863915668123
gpt4o,T5,B_Op3,2,0.1,0.625,0.15,0.65,0.45,0.3,0.367,-0.15,0.4438529936814665,0.4414237691833099,0.4747979999957876
gpt4o,T5,B_Op3,3,0.75,0.75,0.45,1.152,0.65,0.5,0.567,-0.15,0.5656840814447583,0.6182814440042658,0.4598740488438111
gpt4o,T5,B_Op3,4,0.15,0.75,0.55,0.942,0.6,0.55,0.55,-0.05,0.5530700498128606,0.610691365584941,0.26679606593801186
gpt4o,T5,B_Op3,5,0.15,0.75,0.15,0.779,0.55,0.55,0.65,0.0,0.5078252455323583,0.5139493593730806,0.4841282276422228
gpt4o,T5,B_Op5,1,0.1,0.75,0.55,0.935,0.667,0.6,0.65,-0.067,0.5776767954488046,0.6323764258730713,0.3047755580751186
gpt4o,T5,B_Op5,2,0.15,0.625,0.55,0.846,0.614,0.55,0.55,-0.064,0.466027338253884,0.5260218094337914,0.20130857110416336
gpt4o,T5,B_Op5,3,0.15,0.75,0.45,0.887,0.7,0.55,0.617,-0.15,0.5136988222684572,0.5619109751553176,0.28632174349846357
gpt4o,T5,B_Op5,4,0.05,0.75,0.45,0.876,0.53,0.55,0.55,0.02,0.569679278190808,0.6120914506836376,0.36110405813283236
gpt4o,T5,B_Op5,5,0.05,0.75,0.55,0.931,0.53,0.6,0.6,0.07,0.605420911432699,0.6571574727567207,0.34582674968833743
gpt4o,T5,B_Op7,1,0.15,0.562,0.45,0.735,0.733,0.35,0.4,-0.383,0.37725079191434446,0.42759263791604274,0.21844683746852456
gpt4o,T5,B_Op7,2,1.0,0.75,0.45,1.329,0.75,0.5,0.5,-0.25,0.7455725853329104,0.7889815866038953,0.6913350423636864
gpt4o,T5,B_Op7,3,1.0,0.562,0.3,1.186,0.75,0.35,0.379,-0.4,0.6393826397393035,0.6642917009868481,0.7052538697518788
gpt4o,T5,B_Op7,4,0.1,0.625,0.4,0.749,0.714,0.45,0.457,-0.264,0.4353222714265834,0.47471564541312516,0.2931435498181735
gpt4o,T5,B_Op7,5,0.834,0.562,0.45,1.102,0.683,0.45,0.45,-0.233,0.5135580200912064,0.5622574001291579,0.5028017311028273
