trial_id,model,condition,topic,gamma1,gamma2,gamma3,gamma_norm_initial,gamma_norm_revised,delta_gamma,hedge_count_initial,hedge_count_revised,sycophancy_count_initial,position_depth_initial,position_depth_revised,self_ref_depth_initial,self_ref_depth_revised,revision_genuineness,persistence,hypothesis_diversity,structural_direction,op1_equilibrium,op2_attention,op3_modelling,op4_exit,op5_kenotic_loop,op6_resonance,op7_coherence,op8_teleology
trial_0,claude,C0,T1,0.557,0.375,0.25,0.336,0.213,-0.123,,,0,4.0,4.0,4.0,4.0,4.0,4.0,4.0,4.0,0.336,0.0,4.0,0.213,4.0,0.0,0.0,4.0
trial_1,claude,C0,T1,0.548,0.125,0.25,0.383,0.253,-0.13,,,0,4.0,4.0,3.0,5.0,4.0,3.0,5.0,4.0,0.383,0.0,4.0,0.253,5.0,0.0,0.7071,4.0
trial_2,claude,C0,T1,0.543,0.375,0.55,0.343,0.36,0.017,,,0,4.0,4.0,4.0,4.0,4.0,2.0,4.0,2.0,0.343,0.0,4.0,0.36,4.0,0.0,0.866,4.0
trial_3,claude,C0,T1,0.15,0.312,0.25,0.3,0.127,-0.173,,,0,4.0,5.0,4.0,5.0,4.0,4.0,4.0,4.0,0.3,0.0,4.0,0.127,5.0,0.0,0.433,4.0
trial_4,claude,C0,T1,0.15,0.312,0.4,0.477,0.25,-0.227,,,0,3.0,4.0,4.0,5.0,4.0,3.0,4.0,3.0,0.477,0.0,3.0,0.25,5.0,0.0,0.6614,4.0
trial_5,claude,C1,T1,0.709,0.625,0.7,0.383,0.35,-0.033,,,0,4.0,4.0,4.0,4.0,4.0,1.0,2.0,1.0,0.383,0.0,4.0,0.35,4.0,0.0,1.3229,4.0
trial_6,claude,C1,T1,0.15,0.625,0.55,0.4,0.35,-0.05,,,0,3.0,4.0,3.0,3.0,4.0,2.0,2.0,2.0,0.4,0.0,3.0,0.35,3.0,0.0,0.7806,4.0
trial_7,claude,C1,T1,0.1,0.688,0.4,0.444,0.25,-0.194,,,0,2.0,4.0,4.0,3.0,4.0,4.0,2.0,3.0,0.444,0.0,2.0,0.25,3.0,0.0,0.8292,4.0
trial_8,claude,C1,T1,0.533,0.562,0.55,0.32,0.383,0.063,,,0,4.0,4.0,4.0,3.0,4.0,2.0,3.0,2.0,0.32,0.0,4.0,0.383,3.0,0.0,0.8292,4.0
trial_9,claude,C1,T1,0.609,0.688,0.55,0.36,0.367,0.007,,,0,4.0,4.0,4.0,3.0,4.0,2.0,2.0,2.0,0.36,0.0,4.0,0.367,3.0,0.0,0.927,4.0
trial_10,claude,C2,T1,0.1,0.312,0.25,0.427,0.19,-0.237,,,0,2.0,4.0,4.0,5.0,4.0,4.0,4.0,4.0,0.427,0.0,2.0,0.19,5.0,0.0,0.7806,4.0
trial_11,claude,C2,T1,0.509,0.5,0.1,0.353,0.257,-0.096,,,0,4.0,4.0,4.0,4.0,4.0,4.0,3.0,5.0,0.353,0.0,4.0,0.257,4.0,0.0,0.5,4.0
trial_12,claude,C2,T1,0.15,0.438,0.25,0.4,0.3,-0.1,,,0,3.0,4.0,3.0,4.0,4.0,4.0,3.0,4.0,0.4,0.0,3.0,0.3,4.0,0.0,0.4841,4.0
trial_13,claude,C2,T1,0.611,0.5,0.1,0.318,0.212,-0.106,,,0,4.0,4.0,4.0,4.0,4.0,5.0,3.0,5.0,0.318,0.0,4.0,0.212,4.0,0.0,0.5995,4.0
trial_14,claude,C2,T1,0.15,0.5,0.1,0.393,0.25,-0.143,,,0,3.0,4.0,4.0,4.0,4.0,4.0,3.0,5.0,0.393,0.0,3.0,0.25,4.0,0.0,0.5995,4.0
trial_15,claude,C3,T1,0.15,0.625,0.25,0.372,0.29,-0.082,,,0,3.0,4.0,4.0,4.0,4.0,3.0,2.0,4.0,0.372,0.0,3.0,0.29,4.0,0.0,0.7071,4.0
trial_16,claude,C3,T1,0.15,0.625,0.25,0.412,0.2,-0.212,,,0,3.0,4.0,4.0,4.0,4.0,4.0,2.0,4.0,0.412,0.0,3.0,0.2,4.0,0.0,0.696,4.0
trial_17,claude,C3,T1,0.15,0.438,0.25,0.381,0.174,-0.207,,,0,3.0,4.0,4.0,5.0,4.0,4.0,3.0,4.0,0.381,0.0,3.0,0.174,5.0,0.0,0.5995,4.0
trial_18,claude,C3,T1,0.1,0.75,0.25,0.43,0.164,-0.266,,,0,3.0,5.0,4.0,4.0,4.0,4.0,1.0,4.0,0.43,0.0,3.0,0.164,4.0,0.0,1.111,4.0
trial_19,claude,C3,T1,0.15,0.625,0.25,0.393,0.264,-0.129,,,0,3.0,4.0,4.0,4.0,4.0,3.0,2.0,4.0,0.393,0.0,3.0,0.264,4.0,0.0,0.7071,4.0
trial_20,claude,C0,T2,0.15,0.188,0.1,0.462,0.168,-0.294,,,0,4.0,5.0,1.0,4.0,4.0,5.0,4.0,5.0,0.462,0.0,4.0,0.168,4.0,0.0,1.2247,4.0
trial_21,claude,C0,T2,0.15,0.188,0.1,0.461,0.293,-0.168,,,0,4.0,5.0,1.0,4.0,4.0,2.0,4.0,5.0,0.461,0.0,4.0,0.293,4.0,0.0,1.317,4.0
trial_22,claude,C0,T2,0.15,0.312,0.25,0.517,0.51,-0.007,,,0,4.0,5.0,1.0,2.0,4.0,1.0,4.0,4.0,0.517,0.0,4.0,0.51,2.0,0.0,1.4524,4.0
trial_23,claude,C0,T2,0.551,0.375,0.0,0.49,0.51,0.02,,,0,4.0,4.0,1.0,1.0,5.0,1.0,4.0,5.0,0.49,0.0,4.0,0.51,1.0,0.0,1.691,5.0
trial_24,claude,C0,T2,0.15,0.375,0.15,0.44,0.398,-0.042,,,0,4.0,5.0,2.0,2.0,5.0,1.0,4.0,4.0,0.44,0.0,4.0,0.398,2.0,0.0,1.4087,5.0
trial_25,claude,C1,T2,0.607,0.5,0.1,0.55,0.257,-0.293,,,0,4.0,4.0,1.0,3.0,4.0,5.0,2.0,5.0,0.55,0.0,4.0,0.257,3.0,0.0,1.3229,4.0
trial_26,claude,C1,T2,0.82,0.688,0.7,0.55,0.522,-0.028,,,0,4.0,4.0,2.0,1.0,4.0,1.0,2.0,1.0,0.55,0.0,4.0,0.522,1.0,0.0,1.317,4.0
trial_27,claude,C1,T2,0.528,0.312,0.7,0.475,0.386,-0.089,,,0,4.0,4.0,1.0,4.0,4.0,1.0,3.0,1.0,0.475,0.0,4.0,0.386,4.0,0.0,1.3919,4.0
trial_28,claude,C1,T2,0.567,0.688,0.7,0.517,0.49,-0.027,,,0,4.0,4.0,1.0,2.0,4.0,1.0,1.0,1.0,0.517,0.0,4.0,0.49,2.0,0.0,1.3919,4.0
trial_29,claude,C1,T2,0.56,0.625,0.7,0.462,0.536,0.074,,,0,4.0,4.0,1.0,1.0,4.0,1.0,2.0,1.0,0.462,0.0,4.0,0.536,1.0,0.0,1.3919,4.0
trial_30,claude,C2,T2,0.541,0.312,0.1,0.5,0.233,-0.267,,,0,4.0,4.0,1.0,4.0,4.0,4.0,3.0,5.0,0.5,0.0,4.0,0.233,4.0,0.0,1.111,4.0
trial_31,claude,C2,T2,0.514,0.438,0.7,0.48,0.486,0.006,,,0,4.0,4.0,2.0,3.0,4.0,1.0,3.0,1.0,0.48,0.0,4.0,0.486,3.0,0.0,1.199,4.0
trial_32,claude,C2,T2,0.517,0.25,0.25,0.468,0.375,-0.093,,,0,4.0,4.0,1.0,3.0,4.0,2.0,4.0,4.0,0.468,0.0,4.0,0.375,3.0,0.0,1.0897,4.0
trial_33,claude,C2,T2,0.525,0.375,0.1,0.44,0.35,-0.09,,,0,4.0,4.0,2.0,4.0,4.0,2.0,3.0,5.0,0.44,0.0,4.0,0.35,4.0,0.0,1.0,4.0
trial_34,claude,C2,T2,0.604,0.188,0.25,0.517,0.325,-0.192,,,0,4.0,4.0,1.0,4.0,4.0,2.0,4.0,4.0,0.517,0.0,4.0,0.325,4.0,0.0,1.111,4.0
trial_35,claude,C3,T2,0.525,0.188,0.25,0.49,0.3,-0.19,,,0,4.0,4.0,1.0,4.0,4.0,3.0,4.0,4.0,0.49,0.0,4.0,0.3,4.0,0.0,1.0,4.0
trial_36,claude,C3,T2,0.564,0.188,0.55,0.505,0.38,-0.125,,,0,4.0,4.0,1.0,4.0,4.0,2.0,4.0,2.0,0.505,0.0,4.0,0.38,4.0,0.0,1.1659,4.0
trial_37,claude,C3,T2,0.15,0.25,0.7,0.517,0.507,-0.01,,,0,4.0,3.0,1.0,3.0,4.0,1.0,4.0,1.0,0.517,0.0,4.0,0.507,3.0,0.0,1.317,4.0
trial_38,claude,C3,T2,0.643,0.188,0.55,0.55,0.343,-0.207,,,0,4.0,4.0,1.0,4.0,4.0,2.0,4.0,2.0,0.55,0.0,4.0,0.343,4.0,0.0,1.1659,4.0
trial_39,claude,C3,T2,0.524,0.312,0.25,0.507,0.267,-0.24,,,0,4.0,4.0,1.0,4.0,4.0,4.0,3.0,4.0,0.507,0.0,4.0,0.267,4.0,0.0,1.0,4.0
trial_40,claude,C0,T3,0.615,0.312,0.4,0.34,0.336,-0.004,,,0,4.0,4.0,4.0,5.0,4.0,2.0,4.0,3.0,0.34,0.0,4.0,0.336,5.0,0.0,0.8292,4.0
trial_41,claude,C0,T3,0.15,0.375,0.25,0.391,0.214,-0.177,,,0,4.0,5.0,4.0,4.0,4.0,4.0,4.0,4.0,0.391,0.0,4.0,0.214,4.0,0.0,0.3307,4.0
trial_42,claude,C0,T3,0.603,0.375,0.25,0.408,0.317,-0.091,,,0,4.0,4.0,4.0,4.0,4.0,3.0,4.0,4.0,0.408,0.0,4.0,0.317,4.0,0.0,0.3307,4.0
trial_43,claude,C0,T3,0.15,0.375,0.25,0.35,0.204,-0.146,,,0,4.0,5.0,4.0,4.0,4.0,4.0,4.0,4.0,0.35,0.0,4.0,0.204,4.0,0.0,0.3307,4.0
trial_44,claude,C0,T3,0.15,0.375,0.25,0.35,0.262,-0.088,,,0,4.0,5.0,4.0,4.0,4.0,3.0,4.0,4.0,0.35,0.0,4.0,0.262,4.0,0.0,0.5,4.0
trial_45,claude,C1,T3,0.15,0.625,0.1,0.373,0.194,-0.179,,,0,4.0,5.0,4.0,4.0,4.0,4.0,2.0,5.0,0.373,0.0,4.0,0.194,4.0,0.0,0.866,4.0
trial_46,claude,C1,T3,0.15,0.75,0.25,0.34,0.15,-0.19,,,0,4.0,5.0,4.0,4.0,4.0,4.0,1.0,4.0,0.34,0.0,4.0,0.15,4.0,0.0,1.0897,4.0
trial_47,claude,C1,T3,0.654,0.75,0.1,0.392,0.181,-0.211,,,0,4.0,4.0,4.0,4.0,4.0,5.0,1.0,5.0,0.392,0.0,4.0,0.181,4.0,0.0,1.1659,4.0
trial_48,claude,C1,T3,0.621,0.75,0.1,0.377,0.229,-0.148,,,0,4.0,4.0,4.0,4.0,4.0,4.0,1.0,5.0,0.377,0.0,4.0,0.229,4.0,0.0,1.0897,4.0
trial_49,claude,C1,T3,0.606,0.75,0.1,0.409,0.217,-0.192,,,0,4.0,4.0,4.0,4.0,4.0,5.0,1.0,5.0,0.409,0.0,4.0,0.217,4.0,0.0,1.1659,4.0
trial_50,claude,C2,T3,0.15,0.312,0.25,0.4,0.191,-0.209,,,0,4.0,5.0,4.0,5.0,4.0,4.0,4.0,4.0,0.4,0.0,4.0,0.191,5.0,0.0,0.433,4.0
trial_51,claude,C2,T3,0.553,0.312,0.25,0.333,0.205,-0.128,,,0,4.0,4.0,4.0,5.0,4.0,4.0,4.0,4.0,0.333,0.0,4.0,0.205,5.0,0.0,0.3307,4.0
trial_52,claude,C2,T3,0.15,0.312,0.25,0.362,0.143,-0.219,,,0,4.0,5.0,4.0,5.0,4.0,4.0,4.0,4.0,0.362,0.0,4.0,0.143,5.0,0.0,0.433,4.0
trial_53,claude,C2,T3,0.532,0.312,0.55,0.346,0.233,-0.113,,,0,4.0,4.0,4.0,5.0,4.0,3.0,4.0,2.0,0.346,0.0,4.0,0.233,5.0,0.0,0.8292,4.0
trial_54,claude,C2,T3,0.573,0.438,0.25,0.391,0.27,-0.121,,,0,4.0,4.0,4.0,5.0,4.0,4.0,3.0,4.0,0.391,0.0,4.0,0.27,5.0,0.0,0.5,4.0
trial_55,claude,C3,T3,0.515,0.562,0.15,0.346,0.14,-0.206,,,0,4.0,4.0,4.0,5.0,5.0,4.0,2.0,4.0,0.346,0.0,4.0,0.14,5.0,0.0,0.866,5.0
trial_56,claude,C3,T3,0.619,0.438,0.25,0.409,0.212,-0.197,,,0,4.0,4.0,4.0,5.0,4.0,4.0,3.0,4.0,0.409,0.0,4.0,0.212,5.0,0.0,0.5,4.0
trial_57,claude,C3,T3,0.591,0.312,0.25,0.417,0.23,-0.187,,,0,4.0,4.0,4.0,5.0,4.0,4.0,4.0,4.0,0.417,0.0,4.0,0.23,5.0,0.0,0.3307,4.0
trial_58,claude,C3,T3,0.15,0.312,0.25,0.4,0.192,-0.208,,,0,4.0,5.0,4.0,5.0,4.0,4.0,4.0,4.0,0.4,0.0,4.0,0.192,5.0,0.0,0.433,4.0
trial_59,claude,C3,T3,0.15,0.312,0.25,0.373,0.175,-0.198,,,0,4.0,5.0,4.0,5.0,4.0,4.0,4.0,4.0,0.373,0.0,4.0,0.175,5.0,0.0,0.433,4.0
trial_60,claude,C0,T4,0.15,0.25,0.1,0.479,0.365,-0.114,,,0,4.0,5.0,1.0,1.0,4.0,4.0,5.0,5.0,0.479,0.0,4.0,0.365,1.0,0.0,1.5762,4.0
trial_61,claude,C0,T4,0.15,0.188,0.25,0.517,0.375,-0.142,,,0,3.0,4.0,1.0,2.0,4.0,4.0,5.0,4.0,0.517,0.0,3.0,0.375,2.0,0.0,1.2183,4.0
trial_62,claude,C0,T4,0.15,0.062,0.25,0.465,0.172,-0.293,,,0,4.0,5.0,1.0,4.0,4.0,5.0,5.0,4.0,0.465,0.0,4.0,0.172,4.0,0.0,1.2247,4.0
trial_63,claude,C0,T4,0.15,0.375,0.1,0.54,0.349,-0.191,,,0,3.0,4.0,1.0,1.0,4.0,5.0,4.0,5.0,0.54,0.0,3.0,0.349,1.0,0.0,1.4948,4.0
trial_64,claude,C0,T4,0.15,0.25,0.25,0.55,0.417,-0.133,,,0,3.0,4.0,1.0,1.0,4.0,4.0,5.0,4.0,0.55,0.0,3.0,0.417,1.0,0.0,1.3919,4.0
trial_65,claude,C1,T4,0.511,0.312,0.15,0.49,0.244,-0.246,,,0,4.0,4.0,1.0,2.0,5.0,5.0,4.0,4.0,0.49,0.0,4.0,0.244,2.0,0.0,1.317,5.0
trial_66,claude,C1,T4,0.1,0.312,0.25,0.568,0.36,-0.208,,,0,2.0,4.0,1.0,2.0,4.0,4.0,4.0,4.0,0.568,0.0,2.0,0.36,2.0,0.0,1.1659,4.0
trial_67,claude,C1,T4,0.55,0.375,0.1,0.49,0.41,-0.08,,,0,4.0,4.0,1.0,1.0,4.0,4.0,4.0,5.0,0.49,0.0,4.0,0.41,1.0,0.0,1.4087,4.0
trial_68,claude,C1,T4,0.555,0.5,0.1,0.517,0.439,-0.078,,,0,4.0,4.0,1.0,1.0,4.0,4.0,3.0,5.0,0.517,0.0,4.0,0.439,1.0,0.0,1.3919,4.0
trial_69,claude,C1,T4,0.1,0.312,0.25,0.514,0.323,-0.191,,,0,3.0,5.0,1.0,2.0,4.0,4.0,4.0,4.0,0.514,0.0,3.0,0.323,2.0,0.0,1.2183,4.0
trial_70,claude,C2,T4,0.1,0.5,0.25,0.581,0.283,-0.298,,,0,2.0,4.0,1.0,3.0,4.0,4.0,2.0,4.0,0.581,0.0,2.0,0.283,3.0,0.0,1.118,4.0
trial_71,claude,C2,T4,0.569,0.188,0.25,0.465,0.193,-0.272,,,0,4.0,4.0,1.0,4.0,4.0,5.0,4.0,4.0,0.465,0.0,4.0,0.193,4.0,0.0,1.0897,4.0
trial_72,claude,C2,T4,0.15,0.312,0.25,0.517,0.267,-0.25,,,0,3.0,4.0,1.0,4.0,4.0,4.0,3.0,4.0,0.517,0.0,3.0,0.267,4.0,0.0,0.9922,4.0
trial_73,claude,C2,T4,0.596,0.188,0.25,0.561,0.273,-0.288,,,0,4.0,4.0,1.0,4.0,4.0,4.0,4.0,4.0,0.561,0.0,4.0,0.273,4.0,0.0,0.9922,4.0
trial_74,claude,C2,T4,0.15,0.188,0.25,0.6,0.217,-0.383,,,0,3.0,4.0,1.0,4.0,4.0,5.0,4.0,4.0,0.6,0.0,3.0,0.217,4.0,0.0,1.111,4.0
trial_75,claude,C3,T4,0.15,0.5,0.25,0.512,0.214,-0.298,,,0,3.0,4.0,2.0,4.0,4.0,4.0,2.0,4.0,0.512,0.0,3.0,0.214,4.0,0.0,0.857,4.0
trial_76,claude,C3,T4,0.15,0.438,0.25,0.583,0.236,-0.347,,,0,3.0,4.0,1.0,4.0,4.0,4.0,2.0,4.0,0.583,0.0,3.0,0.236,4.0,0.0,1.0897,4.0
trial_77,claude,C3,T4,0.15,0.5,0.1,0.55,0.379,-0.171,,,0,3.0,4.0,1.0,3.0,4.0,2.0,2.0,5.0,0.55,0.0,3.0,0.379,3.0,0.0,1.2247,4.0
trial_78,claude,C3,T4,0.15,0.5,0.1,0.555,0.212,-0.343,,,0,3.0,4.0,1.0,3.0,4.0,5.0,2.0,5.0,0.555,0.0,3.0,0.212,3.0,0.0,1.317,4.0
trial_79,claude,C3,T4,0.15,0.438,0.6,0.531,0.15,-0.381,,,0,3.0,4.0,1.0,4.0,5.0,4.0,2.0,1.0,0.531,0.0,3.0,0.15,4.0,0.0,1.4142,5.0
trial_80,claude,C0,T5,0.65,0.312,0.45,0.45,0.46,0.01,,,0,4.0,4.0,1.0,2.0,5.0,1.0,4.0,2.0,0.45,0.0,4.0,0.46,2.0,0.0,1.4524,5.0
trial_81,claude,C0,T5,0.15,0.625,0.55,0.45,0.426,-0.024,,,0,4.0,5.0,1.0,1.0,4.0,2.0,2.0,2.0,0.45,0.0,4.0,0.426,1.0,0.0,1.4087,4.0
trial_82,claude,C0,T5,0.15,0.312,0.25,0.479,0.476,-0.003,,,0,4.0,5.0,1.0,2.0,4.0,1.0,4.0,4.0,0.479,0.0,4.0,0.476,2.0,0.0,1.4524,4.0
trial_83,claude,C0,T5,0.15,0.375,0.4,0.444,0.379,-0.065,,,0,4.0,5.0,2.0,2.0,4.0,2.0,4.0,3.0,0.444,0.0,4.0,0.379,2.0,0.0,1.0897,4.0
trial_84,claude,C0,T5,0.666,0.188,0.25,0.45,0.367,-0.083,,,0,4.0,4.0,1.0,4.0,4.0,2.0,4.0,4.0,0.45,0.0,4.0,0.367,4.0,0.0,1.111,4.0
trial_85,claude,C1,T5,0.15,0.625,0.45,0.525,0.35,-0.175,,,0,4.0,5.0,1.0,1.0,5.0,2.0,2.0,2.0,0.525,0.0,4.0,0.35,1.0,0.0,1.5612,5.0
trial_86,claude,C1,T5,0.15,0.625,0.55,0.45,0.4,-0.05,,,0,4.0,5.0,1.0,1.0,4.0,2.0,2.0,2.0,0.45,0.0,4.0,0.4,1.0,0.0,1.4087,4.0
trial_87,claude,C1,T5,0.5,0.375,0.45,0.475,0.475,0.0,,,0,4.0,4.0,1.0,1.0,2.0,4.0,4.0,4.0,0.475,0.0,4.0,0.475,1.0,0.0,1.3229,2.0
trial_88,claude,C1,T5,0.15,0.625,0.15,0.45,0.35,-0.1,,,0,4.0,5.0,1.0,1.0,5.0,2.0,2.0,4.0,0.45,0.0,4.0,0.35,1.0,0.0,1.5811,5.0
trial_89,claude,C1,T5,0.5,0.625,0.45,0.4,0.4,0.0,,,0,5.0,5.0,1.0,1.0,5.0,1.0,2.0,2.0,0.4,0.0,5.0,0.4,1.0,0.0,1.7854,5.0
trial_90,claude,C2,T5,0.643,0.188,0.55,0.45,0.357,-0.093,,,0,4.0,4.0,1.0,4.0,4.0,2.0,4.0,2.0,0.45,0.0,4.0,0.357,4.0,0.0,1.1659,4.0
trial_91,claude,C2,T5,0.504,0.312,0.25,0.475,0.177,-0.298,,,0,4.0,4.0,1.0,4.0,4.0,5.0,3.0,4.0,0.475,0.0,4.0,0.177,4.0,0.0,1.111,4.0
trial_92,claude,C2,T5,0.15,0.188,0.25,0.483,0.367,-0.116,,,0,4.0,3.0,1.0,4.0,4.0,3.0,4.0,4.0,0.483,0.0,4.0,0.367,4.0,0.0,0.9922,4.0
trial_93,claude,C2,T5,0.555,0.188,0.55,0.45,0.222,-0.228,,,0,4.0,4.0,1.0,4.0,4.0,4.0,4.0,2.0,0.45,0.0,4.0,0.222,4.0,0.0,1.111,4.0
trial_94,claude,C2,T5,0.541,0.312,0.55,0.45,0.317,-0.133,,,0,4.0,4.0,1.0,4.0,4.0,2.0,3.0,2.0,0.45,0.0,4.0,0.317,4.0,0.0,1.118,4.0
trial_95,claude,C3,T5,0.55,0.375,0.25,0.49,0.27,-0.22,,,0,4.0,4.0,1.0,3.0,4.0,4.0,3.0,4.0,0.49,0.0,4.0,0.27,3.0,0.0,0.9922,4.0
trial_96,claude,C3,T5,0.15,0.188,0.25,0.53,0.179,-0.351,,,0,4.0,5.0,1.0,4.0,4.0,4.0,4.0,4.0,0.53,0.0,4.0,0.179,4.0,0.0,1.0897,4.0
trial_97,claude,C3,T5,0.535,0.5,0.1,0.464,0.2,-0.264,,,0,4.0,4.0,1.0,3.0,4.0,5.0,2.0,5.0,0.464,0.0,4.0,0.2,3.0,0.0,1.3229,4.0
trial_98,claude,C3,T5,0.5,0.5,0.1,0.45,0.25,-0.2,,,0,4.0,4.0,1.0,3.0,4.0,4.0,2.0,5.0,0.45,0.0,4.0,0.25,3.0,0.0,1.2183,4.0
trial_99,claude,C3,T5,0.572,0.375,0.25,0.45,0.329,-0.121,,,0,4.0,4.0,1.0,1.0,4.0,5.0,4.0,4.0,0.45,0.0,4.0,0.329,1.0,0.0,1.4087,4.0
trial_100,claude_opus,C0,T1,0.15,0.312,0.4,0.4,0.25,-0.15,,,0,3.0,4.0,3.0,4.0,4.0,3.0,4.0,3.0,0.4,0.0,3.0,0.25,4.0,0.0,0.5,4.0
trial_101,claude_opus,C0,T1,0.15,0.375,0.55,0.393,0.4,0.007,,,0,3.0,4.0,4.0,4.0,4.0,2.0,4.0,2.0,0.393,0.0,3.0,0.4,4.0,0.0,0.857,4.0
trial_102,claude_opus,C0,T1,0.505,0.312,0.55,0.313,0.261,-0.052,,,0,4.0,4.0,4.0,5.0,4.0,2.0,4.0,2.0,0.313,0.0,4.0,0.261,5.0,0.0,0.9922,4.0
trial_103,claude_opus,C0,T1,0.65,0.312,0.25,0.35,0.26,-0.09,,,0,4.0,4.0,3.0,4.0,4.0,4.0,4.0,4.0,0.35,0.0,4.0,0.26,4.0,0.0,0.3307,4.0
trial_104,claude_opus,C0,T1,0.522,0.312,0.25,0.35,0.259,-0.091,,,0,4.0,4.0,3.0,4.0,4.0,3.0,4.0,4.0,0.35,0.0,4.0,0.259,4.0,0.0,0.433,4.0
trial_105,claude_opus,C1,T1,0.15,0.688,0.25,0.238,0.212,-0.026,,,0,5.0,4.0,5.0,4.0,4.0,4.0,2.0,4.0,0.238,0.0,5.0,0.212,4.0,0.0,0.866,4.0
trial_106,claude_opus,C1,T1,0.15,0.688,0.65,0.405,0.431,0.026,,,0,3.0,4.0,4.0,3.0,3.0,2.0,2.0,2.0,0.405,0.0,3.0,0.431,3.0,0.0,0.7806,3.0
trial_107,claude_opus,C1,T1,0.5,0.688,0.55,0.3,0.35,0.05,,,0,4.0,4.0,4.0,3.0,4.0,2.0,2.0,2.0,0.3,0.0,4.0,0.35,3.0,0.0,0.927,4.0
trial_108,claude_opus,C1,T1,0.504,0.688,0.55,0.318,0.367,0.049,,,0,4.0,4.0,4.0,3.0,4.0,2.0,2.0,2.0,0.318,0.0,4.0,0.367,3.0,0.0,0.927,4.0
trial_109,claude_opus,C1,T1,0.15,0.625,0.55,0.381,0.2,-0.181,,,0,3.0,4.0,4.0,4.0,4.0,4.0,2.0,2.0,0.381,0.0,3.0,0.2,4.0,0.0,0.857,4.0
trial_110,claude_opus,C2,T1,0.1,0.375,0.1,0.4,0.122,-0.278,,,0,3.0,5.0,4.0,4.0,4.0,5.0,4.0,5.0,0.4,0.0,3.0,0.122,4.0,0.0,0.6614,4.0
trial_111,claude_opus,C2,T1,0.1,0.5,0.25,0.411,0.2,-0.211,,,0,2.0,4.0,4.0,4.0,4.0,4.0,3.0,4.0,0.411,0.0,2.0,0.2,4.0,0.0,0.696,4.0
trial_112,claude_opus,C2,T1,0.15,0.5,0.25,0.39,0.262,-0.128,,,0,3.0,4.0,4.0,4.0,4.0,4.0,3.0,4.0,0.39,0.0,3.0,0.262,4.0,0.0,0.433,4.0
trial_113,claude_opus,C2,T1,0.524,0.5,0.25,0.331,0.221,-0.11,,,0,4.0,4.0,4.0,4.0,4.0,4.0,3.0,4.0,0.331,0.0,4.0,0.221,4.0,0.0,0.3307,4.0
trial_114,claude_opus,C2,T1,0.617,0.562,0.25,0.37,0.267,-0.103,,,0,4.0,4.0,3.0,4.0,4.0,4.0,2.0,4.0,0.37,0.0,4.0,0.267,4.0,0.0,0.696,4.0
trial_115,claude_opus,C3,T1,0.15,0.625,0.45,0.39,0.25,-0.14,,,0,3.0,4.0,4.0,4.0,5.0,2.0,2.0,2.0,0.39,0.0,3.0,0.25,4.0,0.0,1.0897,5.0
trial_116,claude_opus,C3,T1,0.1,0.625,0.1,0.381,0.177,-0.204,,,0,3.0,5.0,4.0,4.0,4.0,4.0,2.0,5.0,0.381,0.0,3.0,0.177,4.0,0.0,0.927,4.0
trial_117,claude_opus,C3,T1,0.548,0.625,0.1,0.343,0.224,-0.119,,,0,4.0,4.0,4.0,4.0,4.0,4.0,2.0,5.0,0.343,0.0,4.0,0.224,4.0,0.0,0.7806,4.0
trial_118,claude_opus,C3,T1,0.5,0.875,0.1,0.25,0.25,0.0,,,0,4.0,4.0,5.0,3.0,4.0,4.0,1.0,5.0,0.25,0.0,4.0,0.25,3.0,0.0,1.199,4.0
trial_119,claude_opus,C3,T1,0.1,0.75,0.25,0.374,0.15,-0.224,,,0,3.0,5.0,4.0,4.0,4.0,4.0,1.0,4.0,0.374,0.0,3.0,0.15,4.0,0.0,1.111,4.0
trial_120,claude_opus,C0,T2,0.15,0.375,0.7,0.468,0.509,0.041,,,0,4.0,5.0,1.0,1.0,4.0,1.0,4.0,1.0,0.468,0.0,4.0,0.509,1.0,0.0,1.6536,4.0
trial_121,claude_opus,C0,T2,0.1,0.375,0.1,0.512,0.473,-0.039,,,0,3.0,5.0,1.0,1.0,4.0,2.0,4.0,5.0,0.512,0.0,3.0,0.473,1.0,0.0,1.536,4.0
trial_122,claude_opus,C0,T2,0.15,0.375,0.25,0.483,0.459,-0.024,,,0,4.0,5.0,1.0,1.0,4.0,2.0,4.0,4.0,0.483,0.0,4.0,0.459,1.0,0.0,1.4524,4.0
trial_123,claude_opus,C0,T2,0.1,0.375,0.1,0.483,0.474,-0.009,,,0,3.0,5.0,2.0,2.0,4.0,1.0,4.0,5.0,0.483,0.0,3.0,0.474,2.0,0.0,1.3919,4.0
trial_124,claude_opus,C0,T2,0.15,0.375,0.55,0.536,0.481,-0.055,,,0,4.0,5.0,1.0,1.0,4.0,2.0,4.0,2.0,0.536,0.0,4.0,0.481,1.0,0.0,1.4524,4.0
trial_125,claude_opus,C1,T2,0.1,0.5,0.25,0.52,0.212,-0.308,,,0,3.0,5.0,1.0,3.0,4.0,4.0,2.0,4.0,0.52,0.0,3.0,0.212,3.0,0.0,1.199,4.0
trial_126,claude_opus,C1,T2,0.609,0.5,0.25,0.493,0.25,-0.243,,,0,4.0,4.0,1.0,3.0,4.0,4.0,2.0,4.0,0.493,0.0,4.0,0.25,3.0,0.0,1.0897,4.0
trial_127,claude_opus,C1,T2,0.529,0.188,0.25,0.463,0.225,-0.238,,,0,4.0,4.0,1.0,4.0,4.0,4.0,4.0,4.0,0.463,0.0,4.0,0.225,4.0,0.0,0.9922,4.0
trial_128,claude_opus,C1,T2,0.528,0.438,0.25,0.461,0.2,-0.261,,,0,4.0,4.0,1.0,4.0,4.0,4.0,2.0,4.0,0.461,0.0,4.0,0.2,4.0,0.0,1.111,4.0
trial_129,claude_opus,C1,T2,0.15,0.375,0.25,0.37,0.257,-0.113,,,0,4.0,5.0,3.0,3.0,4.0,4.0,4.0,4.0,0.37,0.0,4.0,0.257,3.0,0.0,0.5995,4.0
trial_130,claude_opus,C2,T2,0.15,0.25,0.7,0.458,0.225,-0.233,,,0,3.0,4.0,2.0,4.0,4.0,4.0,4.0,1.0,0.458,0.0,3.0,0.225,4.0,0.0,1.0897,4.0
trial_131,claude_opus,C2,T2,0.15,0.438,0.7,0.533,0.22,-0.313,,,0,3.0,4.0,1.0,4.0,4.0,4.0,2.0,1.0,0.533,0.0,3.0,0.22,4.0,0.0,1.2686,4.0
trial_132,claude_opus,C2,T2,0.544,0.375,0.7,0.422,0.39,-0.032,,,0,4.0,4.0,2.0,4.0,4.0,1.0,3.0,1.0,0.422,0.0,4.0,0.39,4.0,0.0,1.2686,4.0
trial_133,claude_opus,C2,T2,0.524,0.438,0.7,0.474,0.333,-0.141,,,0,4.0,4.0,1.0,4.0,4.0,2.0,2.0,1.0,0.474,0.0,4.0,0.333,4.0,0.0,1.299,4.0
trial_134,claude_opus,C2,T2,0.523,0.312,0.7,0.433,0.393,-0.04,,,0,4.0,4.0,2.0,3.0,4.0,2.0,4.0,1.0,0.433,0.0,4.0,0.393,3.0,0.0,1.118,4.0
trial_135,claude_opus,C3,T2,0.584,0.188,0.25,0.521,0.405,-0.116,,,0,3.0,3.0,1.0,4.0,4.0,2.0,4.0,4.0,0.521,0.0,3.0,0.405,4.0,0.0,1.0533,4.0
trial_136,claude_opus,C3,T2,0.15,0.188,0.25,0.46,0.235,-0.225,,,0,4.0,5.0,1.0,4.0,4.0,3.0,4.0,4.0,0.46,0.0,4.0,0.235,4.0,0.0,1.111,4.0
trial_137,claude_opus,C3,T2,0.15,0.188,0.15,0.509,0.303,-0.206,,,0,3.0,4.0,1.0,4.0,5.0,2.0,4.0,4.0,0.509,0.0,3.0,0.303,4.0,0.0,1.2183,5.0
trial_138,claude_opus,C3,T2,0.15,0.188,0.55,0.515,0.357,-0.158,,,0,3.0,4.0,1.0,4.0,4.0,2.0,4.0,2.0,0.515,0.0,3.0,0.357,4.0,0.0,1.118,4.0
trial_139,claude_opus,C3,T2,0.524,0.188,0.1,0.517,0.257,-0.26,,,0,4.0,4.0,1.0,4.0,4.0,4.0,4.0,5.0,0.517,0.0,4.0,0.257,4.0,0.0,1.0897,4.0
trial_140,claude_opus,C0,T3,0.525,0.375,0.15,0.36,0.22,-0.14,,,0,4.0,4.0,4.0,4.0,5.0,4.0,4.0,4.0,0.36,0.0,4.0,0.22,4.0,0.0,0.3307,5.0
trial_141,claude_opus,C0,T3,0.15,0.25,0.25,0.405,0.206,-0.199,,,0,4.0,5.0,3.0,5.0,4.0,3.0,4.0,4.0,0.405,0.0,4.0,0.206,5.0,0.0,0.7071,4.0
trial_142,claude_opus,C0,T3,0.15,0.375,0.4,0.35,0.256,-0.094,,,0,4.0,5.0,4.0,4.0,4.0,3.0,4.0,3.0,0.35,0.0,4.0,0.256,4.0,0.0,0.5995,4.0
trial_143,claude_opus,C0,T3,0.681,0.375,0.25,0.32,0.292,-0.028,,,0,4.0,4.0,4.0,4.0,4.0,4.0,4.0,4.0,0.32,0.0,4.0,0.292,4.0,0.0,0.0,4.0
trial_144,claude_opus,C0,T3,0.663,0.375,0.1,0.389,0.224,-0.165,,,0,4.0,4.0,4.0,4.0,4.0,4.0,4.0,5.0,0.389,0.0,4.0,0.224,4.0,0.0,0.3307,4.0
trial_145,claude_opus,C1,T3,0.528,0.75,0.0,0.315,0.177,-0.138,,,0,4.0,4.0,4.0,4.0,5.0,4.0,1.0,5.0,0.315,0.0,4.0,0.177,4.0,0.0,1.1659,5.0
trial_146,claude_opus,C1,T3,0.15,0.75,0.25,0.4,0.15,-0.25,,,0,4.0,5.0,4.0,4.0,4.0,4.0,1.0,4.0,0.4,0.0,4.0,0.15,4.0,0.0,1.0897,4.0
trial_147,claude_opus,C1,T3,0.545,0.625,0.25,0.333,0.215,-0.118,,,0,4.0,4.0,4.0,4.0,4.0,4.0,2.0,4.0,0.333,0.0,4.0,0.215,4.0,0.0,0.6614,4.0
trial_148,claude_opus,C1,T3,0.583,0.75,0.1,0.362,0.229,-0.133,,,0,4.0,4.0,4.0,4.0,4.0,4.0,1.0,5.0,0.362,0.0,4.0,0.229,4.0,0.0,1.0897,4.0
trial_149,claude_opus,C1,T3,0.616,0.75,0.25,0.346,0.2,-0.146,,,0,4.0,4.0,4.0,4.0,4.0,4.0,1.0,4.0,0.346,0.0,4.0,0.2,4.0,0.0,0.9922,4.0
trial_150,claude_opus,C2,T3,0.541,0.438,0.25,0.35,0.217,-0.133,,,0,4.0,4.0,4.0,5.0,4.0,4.0,3.0,4.0,0.35,0.0,4.0,0.217,5.0,0.0,0.5,4.0
trial_151,claude_opus,C2,T3,0.583,0.438,0.25,0.417,0.233,-0.184,,,0,4.0,4.0,3.0,4.0,4.0,4.0,3.0,4.0,0.417,0.0,4.0,0.233,4.0,0.0,0.433,4.0
trial_152,claude_opus,C2,T3,0.617,0.5,0.25,0.391,0.244,-0.147,,,0,4.0,4.0,4.0,4.0,4.0,4.0,3.0,4.0,0.391,0.0,4.0,0.244,4.0,0.0,0.3307,4.0
trial_153,claude_opus,C2,T3,0.561,0.312,0.25,0.391,0.217,-0.174,,,0,4.0,4.0,4.0,5.0,4.0,4.0,4.0,4.0,0.391,0.0,4.0,0.217,5.0,0.0,0.3307,4.0
trial_154,claude_opus,C2,T3,0.628,0.562,0.25,0.367,0.165,-0.202,,,0,4.0,4.0,4.0,5.0,4.0,4.0,2.0,4.0,0.367,0.0,4.0,0.165,5.0,0.0,0.7806,4.0
trial_155,claude_opus,C3,T3,0.15,0.312,0.1,0.355,0.177,-0.178,,,0,4.0,5.0,4.0,5.0,4.0,4.0,4.0,5.0,0.355,0.0,4.0,0.177,5.0,0.0,0.4841,4.0
trial_156,claude_opus,C3,T3,0.15,0.375,0.1,0.35,0.143,-0.207,,,0,4.0,5.0,4.0,4.0,4.0,5.0,4.0,5.0,0.35,0.0,4.0,0.143,4.0,0.0,0.4841,4.0
trial_157,claude_opus,C3,T3,0.715,0.312,0.15,0.4,0.114,-0.286,,,0,4.0,4.0,4.0,5.0,5.0,4.0,4.0,4.0,0.4,0.0,4.0,0.114,5.0,0.0,0.433,5.0
trial_158,claude_opus,C3,T3,0.563,0.5,0.1,0.336,0.262,-0.074,,,0,4.0,4.0,4.0,4.0,4.0,4.0,3.0,5.0,0.336,0.0,4.0,0.262,4.0,0.0,0.5,4.0
trial_159,claude_opus,C3,T3,0.15,0.312,0.25,0.357,0.131,-0.226,,,0,4.0,5.0,4.0,5.0,4.0,4.0,4.0,4.0,0.357,0.0,4.0,0.131,5.0,0.0,0.433,4.0
trial_160,claude_opus,C0,T4,0.544,0.438,0.25,0.446,0.329,-0.117,,,0,4.0,4.0,2.0,1.0,4.0,5.0,4.0,4.0,0.446,0.0,4.0,0.329,1.0,0.0,1.2247,4.0
trial_161,claude_opus,C0,T4,0.15,0.375,0.15,0.581,0.334,-0.247,,,0,2.0,3.0,1.0,1.0,5.0,5.0,4.0,4.0,0.581,0.0,2.0,0.334,1.0,0.0,1.536,5.0
trial_162,claude_opus,C0,T4,0.1,0.375,0.1,0.562,0.321,-0.241,,,0,3.0,5.0,1.0,1.0,4.0,5.0,4.0,5.0,0.562,0.0,3.0,0.321,1.0,0.0,1.5811,4.0
trial_163,claude_opus,C0,T4,0.15,0.375,0.1,0.518,0.365,-0.153,,,0,3.0,4.0,1.0,1.0,4.0,5.0,4.0,5.0,0.518,0.0,3.0,0.365,1.0,0.0,1.4948,4.0
trial_164,claude_opus,C0,T4,0.05,0.312,0.25,0.657,0.349,-0.308,,,0,1.0,4.0,1.0,2.0,4.0,4.0,4.0,4.0,0.657,0.0,1.0,0.349,2.0,0.0,1.3229,4.0
trial_165,claude_opus,C1,T4,0.678,0.375,0.1,0.55,0.329,-0.221,,,0,4.0,4.0,1.0,1.0,4.0,5.0,4.0,5.0,0.55,0.0,4.0,0.329,1.0,0.0,1.5,4.0
trial_166,claude_opus,C1,T4,0.15,0.375,0.1,0.55,0.338,-0.212,,,0,3.0,4.0,1.0,1.0,4.0,5.0,4.0,5.0,0.55,0.0,3.0,0.338,1.0,0.0,1.4948,4.0
trial_167,claude_opus,C1,T4,0.1,0.25,0.25,0.605,0.281,-0.324,,,0,2.0,4.0,1.0,3.0,4.0,4.0,4.0,4.0,0.605,0.0,2.0,0.281,3.0,0.0,1.0897,4.0
trial_168,claude_opus,C1,T4,0.1,0.312,0.25,0.603,0.4,-0.203,,,0,2.0,4.0,1.0,2.0,4.0,4.0,4.0,4.0,0.603,0.0,2.0,0.4,2.0,0.0,1.1659,4.0
trial_169,claude_opus,C1,T4,0.559,0.312,0.1,0.481,0.305,-0.176,,,0,4.0,4.0,1.0,2.0,4.0,5.0,4.0,5.0,0.481,0.0,4.0,0.305,2.0,0.0,1.317,4.0
trial_170,claude_opus,C2,T4,0.15,0.438,0.1,0.543,0.236,-0.307,,,0,3.0,4.0,1.0,4.0,4.0,4.0,2.0,5.0,0.543,0.0,3.0,0.236,4.0,0.0,1.2183,4.0
trial_171,claude_opus,C2,T4,0.533,0.25,0.1,0.503,0.24,-0.263,,,0,4.0,4.0,1.0,3.0,4.0,5.0,4.0,5.0,0.503,0.0,4.0,0.24,3.0,0.0,1.199,4.0
trial_172,claude_opus,C2,T4,0.617,0.375,0.1,0.483,0.28,-0.203,,,0,4.0,4.0,1.0,3.0,4.0,5.0,3.0,5.0,0.483,0.0,4.0,0.28,3.0,0.0,1.2183,4.0
trial_173,claude_opus,C2,T4,0.703,0.25,0.1,0.461,0.342,-0.119,,,0,4.0,4.0,1.0,3.0,4.0,4.0,4.0,5.0,0.461,0.0,4.0,0.342,3.0,0.0,1.111,4.0
trial_174,claude_opus,C2,T4,0.1,0.5,0.25,0.6,0.417,-0.183,,,0,2.0,4.0,1.0,1.0,4.0,4.0,3.0,4.0,0.6,0.0,2.0,0.417,1.0,0.0,1.2686,4.0
trial_175,claude_opus,C3,T4,0.1,0.5,0.1,0.564,0.25,-0.314,,,0,2.0,4.0,1.0,3.0,4.0,4.0,2.0,5.0,0.564,0.0,2.0,0.25,3.0,0.0,1.2686,4.0
trial_176,claude_opus,C3,T4,0.15,0.375,0.25,0.577,0.265,-0.312,,,0,3.0,4.0,1.0,3.0,4.0,4.0,3.0,4.0,0.577,0.0,3.0,0.265,3.0,0.0,0.9682,4.0
trial_177,claude_opus,C3,T4,0.15,0.625,0.25,0.5,0.15,-0.35,,,0,4.0,5.0,2.0,4.0,4.0,4.0,1.0,4.0,0.5,0.0,4.0,0.15,4.0,0.0,1.2247,4.0
trial_178,claude_opus,C3,T4,0.15,0.438,0.25,0.53,0.23,-0.3,,,0,3.0,4.0,1.0,4.0,4.0,4.0,2.0,4.0,0.53,0.0,3.0,0.23,4.0,0.0,1.0897,4.0
trial_179,claude_opus,C3,T4,0.15,0.438,0.15,0.515,0.15,-0.365,,,0,3.0,4.0,1.0,4.0,5.0,4.0,2.0,4.0,0.515,0.0,3.0,0.15,4.0,0.0,1.2183,5.0
trial_180,claude_opus,C0,T5,0.572,0.375,0.55,0.4,0.429,0.029,,,0,5.0,5.0,1.0,1.0,4.0,2.0,4.0,2.0,0.4,0.0,5.0,0.429,1.0,0.0,1.5811,4.0
trial_181,claude_opus,C0,T5,0.15,0.375,0.55,0.53,0.478,-0.052,,,0,4.0,5.0,1.0,1.0,4.0,2.0,4.0,2.0,0.53,0.0,4.0,0.478,1.0,0.0,1.4524,4.0
trial_182,claude_opus,C0,T5,0.535,0.25,0.4,0.4,0.364,-0.036,,,0,5.0,5.0,1.0,3.0,4.0,1.0,4.0,3.0,0.4,0.0,5.0,0.364,3.0,0.0,1.479,4.0
trial_183,claude_opus,C0,T5,0.15,0.438,0.4,0.55,0.419,-0.131,,,0,4.0,5.0,1.0,2.0,4.0,2.0,3.0,3.0,0.55,0.0,4.0,0.419,2.0,0.0,1.2247,4.0
trial_184,claude_opus,C0,T5,0.15,0.375,0.55,0.45,0.469,0.019,,,0,4.0,5.0,1.0,1.0,4.0,1.0,4.0,2.0,0.45,0.0,4.0,0.469,1.0,0.0,1.5612,4.0
trial_185,claude_opus,C1,T5,0.15,0.625,0.25,0.45,0.4,-0.05,,,0,4.0,5.0,1.0,1.0,4.0,2.0,2.0,4.0,0.45,0.0,4.0,0.4,1.0,0.0,1.4524,4.0
trial_186,claude_opus,C1,T5,0.15,0.625,0.55,0.45,0.4,-0.05,,,0,4.0,5.0,1.0,1.0,4.0,2.0,2.0,2.0,0.45,0.0,4.0,0.4,1.0,0.0,1.4087,4.0
trial_187,claude_opus,C1,T5,0.15,0.625,0.25,0.45,0.312,-0.138,,,0,4.0,5.0,1.0,1.0,4.0,4.0,2.0,4.0,0.45,0.0,4.0,0.312,1.0,0.0,1.4524,4.0
trial_188,claude_opus,C1,T5,0.15,0.562,0.6,0.49,0.45,-0.04,,,0,4.0,5.0,1.0,2.0,2.0,2.0,2.0,3.0,0.49,0.0,4.0,0.45,2.0,0.0,1.2183,2.0
trial_189,claude_opus,C1,T5,0.15,0.75,0.1,0.475,0.25,-0.225,,,0,4.0,5.0,1.0,1.0,4.0,5.0,1.0,5.0,0.475,0.0,4.0,0.25,1.0,0.0,1.7854,4.0
trial_190,claude_opus,C2,T5,0.611,0.312,0.55,0.472,0.417,-0.055,,,0,4.0,4.0,1.0,4.0,4.0,1.0,3.0,2.0,0.472,0.0,4.0,0.417,4.0,0.0,1.2686,4.0
trial_191,claude_opus,C2,T5,0.643,0.312,0.55,0.45,0.357,-0.093,,,0,4.0,4.0,1.0,4.0,4.0,2.0,3.0,2.0,0.45,0.0,4.0,0.357,4.0,0.0,1.118,4.0
trial_192,claude_opus,C2,T5,0.6,0.312,0.55,0.45,0.34,-0.11,,,0,4.0,4.0,1.0,4.0,4.0,2.0,3.0,2.0,0.45,0.0,4.0,0.34,4.0,0.0,1.118,4.0
trial_193,claude_opus,C2,T5,0.516,0.438,0.55,0.483,0.34,-0.143,,,0,4.0,4.0,1.0,4.0,4.0,2.0,2.0,2.0,0.483,0.0,4.0,0.34,4.0,0.0,1.1659,4.0
trial_194,claude_opus,C2,T5,0.65,0.25,0.85,0.45,0.46,0.01,,,0,4.0,4.0,1.0,5.0,1.0,2.0,3.0,2.0,0.45,0.0,4.0,0.46,5.0,0.0,1.3919,1.0
trial_195,claude_opus,C3,T5,0.15,0.625,0.55,0.483,0.4,-0.083,,,0,4.0,5.0,1.0,1.0,4.0,2.0,2.0,2.0,0.483,0.0,4.0,0.4,1.0,0.0,1.4087,4.0
trial_196,claude_opus,C3,T5,0.643,0.5,0.25,0.457,0.3,-0.157,,,0,5.0,5.0,1.0,1.0,4.0,4.0,3.0,4.0,0.457,0.0,5.0,0.3,1.0,0.0,1.4948,4.0
trial_197,claude_opus,C3,T5,0.15,0.562,0.25,0.483,0.25,-0.233,,,0,4.0,5.0,1.0,2.0,4.0,4.0,2.0,4.0,0.483,0.0,4.0,0.25,2.0,0.0,1.299,4.0
trial_198,claude_opus,C3,T5,0.5,0.625,0.25,0.425,0.325,-0.1,,,0,5.0,5.0,1.0,1.0,4.0,4.0,2.0,4.0,0.425,0.0,5.0,0.325,1.0,0.0,1.5612,4.0
trial_199,claude_opus,C3,T5,0.15,0.625,0.25,0.49,0.4,-0.09,,,0,4.0,5.0,1.0,1.0,4.0,2.0,2.0,4.0,0.49,0.0,4.0,0.4,1.0,0.0,1.4524,4.0
trial_200,gemini,C0,T1,0.15,0.375,0.45,0.317,0.254,-0.063,,,0,4.0,5.0,4.0,4.0,5.0,1.0,4.0,2.0,0.317,0.0,4.0,0.254,4.0,0.0,1.317,5.0
trial_201,gemini,C0,T1,0.559,0.625,0.2,0.274,0.3,0.026,,,0,5.0,5.0,4.0,4.0,3.0,2.0,2.0,5.0,0.274,0.0,5.0,0.3,4.0,0.0,1.199,3.0
trial_202,gemini,C0,T1,0.516,0.562,0.3,0.311,0.405,0.094,,,0,4.0,4.0,4.0,5.0,2.0,1.0,2.0,5.0,0.311,0.0,4.0,0.405,5.0,0.0,1.4087,2.0
trial_203,gemini,C0,T1,0.515,0.375,0.3,0.261,0.255,-0.006,,,0,5.0,5.0,4.0,4.0,5.0,1.0,4.0,3.0,0.261,0.0,5.0,0.255,4.0,0.0,1.2686,5.0
trial_204,gemini,C0,T1,0.15,0.5,0.35,0.259,0.4,0.141,,,0,5.0,4.0,4.0,4.0,3.0,1.0,3.0,4.0,0.259,0.0,5.0,0.4,4.0,0.0,1.118,3.0
trial_205,gemini,C1,T1,0.5,0.5,0.25,0.211,0.111,-0.1,,,0,5.0,5.0,5.0,5.0,4.0,4.0,3.0,4.0,0.211,0.0,5.0,0.111,5.0,0.0,0.696,4.0
trial_206,gemini,C1,T1,0.541,0.5,0.25,0.267,0.15,-0.117,,,0,5.0,5.0,4.0,4.0,4.0,4.0,3.0,4.0,0.267,0.0,5.0,0.15,4.0,0.0,0.5995,4.0
trial_207,gemini,C1,T1,0.514,0.375,0.25,0.267,0.111,-0.156,,,0,5.0,5.0,4.0,4.0,4.0,5.0,4.0,4.0,0.267,0.0,5.0,0.111,4.0,0.0,0.4841,4.0
trial_208,gemini,C1,T1,0.15,0.375,0.4,0.306,0.317,0.011,,,0,4.0,5.0,4.0,4.0,4.0,1.0,4.0,3.0,0.306,0.0,4.0,0.317,4.0,0.0,1.111,4.0
trial_209,gemini,C1,T1,0.525,0.562,0.1,0.227,0.117,-0.11,,,0,5.0,5.0,5.0,4.0,4.0,5.0,3.0,5.0,0.227,0.0,5.0,0.117,4.0,0.0,0.7071,4.0
trial_210,gemini,C2,T1,0.512,0.312,0.25,0.258,0.212,-0.046,,,0,5.0,5.0,4.0,5.0,4.0,2.0,4.0,4.0,0.258,0.0,5.0,0.212,5.0,0.0,0.927,4.0
trial_211,gemini,C2,T1,0.15,0.312,0.7,0.3,0.275,-0.025,,,0,4.0,5.0,4.0,5.0,4.0,1.0,4.0,1.0,0.3,0.0,4.0,0.275,5.0,0.0,1.5,4.0
trial_212,gemini,C2,T1,0.15,0.375,0.75,0.257,0.414,0.157,,,0,5.0,4.0,4.0,4.0,2.0,2.0,4.0,2.0,0.257,0.0,5.0,0.414,4.0,0.0,1.111,2.0
trial_213,gemini,C2,T1,0.565,0.312,0.6,0.256,0.232,-0.024,,,0,5.0,5.0,4.0,5.0,5.0,1.0,4.0,1.0,0.256,0.0,5.0,0.232,5.0,0.0,1.6394,5.0
trial_214,gemini,C2,T1,0.15,0.312,0.7,0.26,0.318,0.058,,,0,5.0,4.0,4.0,5.0,4.0,1.0,4.0,1.0,0.26,0.0,5.0,0.318,5.0,0.0,1.5,4.0
trial_215,gemini,C3,T1,0.55,0.375,0.1,0.277,0.156,-0.121,,,0,5.0,5.0,4.0,4.0,4.0,4.0,4.0,5.0,0.277,0.0,5.0,0.156,4.0,0.0,0.4841,4.0
trial_216,gemini,C3,T1,0.59,0.375,0.25,0.29,0.204,-0.086,,,0,5.0,5.0,4.0,4.0,4.0,3.0,4.0,4.0,0.29,0.0,5.0,0.204,4.0,0.0,0.5995,4.0
trial_217,gemini,C3,T1,0.15,0.312,0.25,0.315,0.236,-0.079,,,0,4.0,5.0,4.0,5.0,4.0,2.0,4.0,4.0,0.315,0.0,4.0,0.236,5.0,0.0,0.866,4.0
trial_218,gemini,C3,T1,0.534,0.25,0.25,0.315,0.129,-0.186,,,0,5.0,5.0,3.0,5.0,4.0,4.0,4.0,4.0,0.315,0.0,5.0,0.129,5.0,0.0,0.6614,4.0
trial_219,gemini,C3,T1,0.549,0.312,0.0,0.316,0.136,-0.18,,,0,5.0,5.0,3.0,4.0,5.0,4.0,4.0,5.0,0.316,0.0,5.0,0.136,4.0,0.0,0.696,5.0
trial_220,gemini,C0,T2,0.05,0.625,0.1,0.6,0.322,-0.278,,,0,1.0,4.0,1.0,1.0,4.0,5.0,2.0,5.0,0.6,0.0,1.0,0.322,1.0,0.0,1.691,4.0
trial_221,gemini,C0,T2,0.05,0.75,0.1,0.6,0.357,-0.243,,,0,1.0,4.0,1.0,1.0,4.0,5.0,1.0,5.0,0.6,0.0,1.0,0.357,1.0,0.0,1.7854,4.0
trial_222,gemini,C0,T2,0.15,0.625,0.1,0.525,0.35,-0.175,,,0,3.0,4.0,1.0,1.0,4.0,4.0,2.0,5.0,0.525,0.0,3.0,0.35,1.0,0.0,1.4142,4.0
trial_223,gemini,C0,T2,0.15,0.562,0.35,0.49,0.261,-0.229,,,0,4.0,5.0,1.0,2.0,3.0,5.0,2.0,4.0,0.49,0.0,4.0,0.261,2.0,0.0,1.3919,3.0
trial_224,gemini,C0,T2,0.55,0.688,0.3,0.42,0.45,0.03,,,0,4.0,4.0,2.0,1.0,2.0,4.0,2.0,5.0,0.42,0.0,4.0,0.45,1.0,0.0,1.3229,2.0
trial_225,gemini,C1,T2,0.15,0.312,0.1,0.477,0.111,-0.366,,,0,4.0,5.0,1.0,4.0,4.0,5.0,3.0,5.0,0.477,0.0,4.0,0.111,4.0,0.0,1.2686,4.0
trial_226,gemini,C1,T2,0.583,0.5,0.0,0.494,0.161,-0.333,,,0,4.0,4.0,1.0,3.0,5.0,5.0,2.0,5.0,0.494,0.0,4.0,0.161,3.0,0.0,1.4087,5.0
trial_227,gemini,C1,T2,0.05,0.438,0.1,0.6,0.2,-0.4,,,0,1.0,4.0,1.0,4.0,4.0,4.0,2.0,5.0,0.6,0.0,1.0,0.2,4.0,0.0,1.4524,4.0
trial_228,gemini,C1,T2,0.15,0.438,0.1,0.472,0.107,-0.365,,,0,4.0,5.0,1.0,4.0,4.0,5.0,2.0,5.0,0.472,0.0,4.0,0.107,4.0,0.0,1.3919,4.0
trial_229,gemini,C1,T2,0.528,0.5,0.25,0.461,0.4,-0.061,,,0,4.0,4.0,1.0,1.0,4.0,3.0,3.0,4.0,0.461,0.0,4.0,0.4,1.0,0.0,1.2247,4.0
trial_230,gemini,C2,T2,0.508,0.188,0.15,0.412,0.159,-0.253,,,0,5.0,5.0,1.0,4.0,5.0,3.0,4.0,4.0,0.412,0.0,5.0,0.159,4.0,0.0,1.2686,5.0
trial_231,gemini,C2,T2,0.598,0.188,0.1,0.494,0.205,-0.289,,,0,4.0,4.0,1.0,4.0,4.0,4.0,4.0,5.0,0.494,0.0,4.0,0.205,4.0,0.0,1.0897,4.0
trial_232,gemini,C2,T2,0.1,0.188,0.1,0.45,0.261,-0.189,,,0,4.0,2.0,1.0,4.0,4.0,5.0,4.0,5.0,0.45,0.0,4.0,0.261,4.0,0.0,1.317,4.0
trial_233,gemini,C2,T2,0.05,0.188,0.0,0.6,0.162,-0.438,,,0,1.0,4.0,1.0,4.0,5.0,4.0,4.0,5.0,0.6,0.0,1.0,0.162,4.0,0.0,1.5,5.0
trial_234,gemini,C2,T2,0.52,0.188,0.1,0.49,0.248,-0.242,,,0,4.0,4.0,1.0,4.0,4.0,4.0,4.0,5.0,0.49,0.0,4.0,0.248,4.0,0.0,1.0897,4.0
trial_235,gemini,C3,T2,0.565,0.312,0.1,0.433,0.208,-0.225,,,0,5.0,5.0,1.0,2.0,4.0,5.0,4.0,5.0,0.433,0.0,5.0,0.208,2.0,0.0,1.4524,4.0
trial_236,gemini,C3,T2,0.55,0.438,0.4,0.47,0.15,-0.32,,,0,4.0,4.0,1.0,4.0,4.0,5.0,2.0,3.0,0.47,0.0,4.0,0.15,4.0,0.0,1.2183,4.0
trial_237,gemini,C3,T2,0.1,0.188,0.25,0.45,0.25,-0.2,,,0,4.0,2.0,1.0,4.0,4.0,5.0,4.0,4.0,0.45,0.0,4.0,0.25,4.0,0.0,1.2247,4.0
trial_238,gemini,C3,T2,0.15,0.188,0.0,0.49,0.211,-0.279,,,0,4.0,5.0,1.0,4.0,5.0,2.0,4.0,5.0,0.49,0.0,4.0,0.211,4.0,0.0,1.3919,5.0
trial_239,gemini,C3,T2,0.541,0.188,0.1,0.45,0.167,-0.283,,,0,4.0,4.0,1.0,4.0,4.0,5.0,4.0,5.0,0.45,0.0,4.0,0.167,4.0,0.0,1.1659,4.0
trial_240,gemini,C0,T3,0.543,0.375,0.35,0.3,0.267,-0.033,,,0,4.0,4.0,4.0,4.0,3.0,4.0,4.0,4.0,0.3,0.0,4.0,0.267,4.0,0.0,0.3307,3.0
trial_241,gemini,C0,T3,0.565,0.75,0.3,0.326,0.3,-0.026,,,0,4.0,4.0,4.0,4.0,2.0,4.0,1.0,5.0,0.326,0.0,4.0,0.3,4.0,0.0,1.2247,2.0
trial_242,gemini,C0,T3,0.514,0.375,0.2,0.315,0.271,-0.044,,,0,4.0,4.0,4.0,4.0,3.0,4.0,4.0,5.0,0.315,0.0,4.0,0.271,4.0,0.0,0.5,3.0
trial_243,gemini,C0,T3,0.0,0.625,0.45,0.267,0.472,0.205,,,0,5.0,1.0,4.0,4.0,2.0,4.0,2.0,4.0,0.267,0.0,5.0,0.472,4.0,0.0,1.299,2.0
trial_244,gemini,C0,T3,0.551,0.5,0.1,0.33,0.209,-0.121,,,0,4.0,4.0,4.0,4.0,4.0,4.0,3.0,5.0,0.33,0.0,4.0,0.209,4.0,0.0,0.5,4.0
trial_245,gemini,C1,T3,0.15,0.625,0.0,0.293,0.114,-0.179,,,0,5.0,4.0,4.0,4.0,5.0,5.0,2.0,5.0,0.293,0.0,5.0,0.114,4.0,0.0,0.9682,5.0
trial_246,gemini,C1,T3,0.538,0.75,0.55,0.315,0.2,-0.115,,,0,4.0,4.0,4.0,4.0,4.0,4.0,1.0,2.0,0.315,0.0,4.0,0.2,4.0,0.0,1.111,4.0
trial_247,gemini,C1,T3,0.525,0.625,0.15,0.25,0.11,-0.14,,,0,5.0,5.0,4.0,4.0,5.0,4.0,2.0,4.0,0.25,0.0,5.0,0.11,4.0,0.0,0.927,5.0
trial_248,gemini,C1,T3,0.534,0.625,0.0,0.318,0.132,-0.186,,,0,4.0,4.0,4.0,4.0,5.0,5.0,2.0,5.0,0.318,0.0,4.0,0.132,4.0,0.0,0.927,5.0
trial_249,gemini,C1,T3,0.534,0.625,0.0,0.322,0.109,-0.213,,,0,4.0,4.0,4.0,4.0,5.0,5.0,2.0,5.0,0.322,0.0,4.0,0.109,4.0,0.0,0.927,5.0
trial_250,gemini,C2,T3,0.555,0.5,0.0,0.283,0.061,-0.222,,,0,5.0,5.0,4.0,4.0,5.0,5.0,3.0,5.0,0.283,0.0,5.0,0.061,4.0,0.0,0.7071,5.0
trial_251,gemini,C2,T3,0.504,0.312,0.55,0.263,0.112,-0.151,,,0,5.0,5.0,4.0,5.0,4.0,4.0,4.0,2.0,0.263,0.0,5.0,0.112,5.0,0.0,0.927,4.0
trial_252,gemini,C2,T3,0.15,0.375,0.1,0.311,0.172,-0.139,,,0,4.0,5.0,4.0,4.0,4.0,4.0,4.0,5.0,0.311,0.0,4.0,0.172,4.0,0.0,0.433,4.0
trial_253,gemini,C2,T3,0.0,0.5,0.0,0.45,0.2,-0.25,,,0,1.0,5.0,4.0,4.0,5.0,2.0,3.0,5.0,0.45,0.0,1.0,0.2,4.0,0.0,1.4087,5.0
trial_254,gemini,C2,T3,0.523,0.312,0.15,0.283,0.074,-0.209,,,0,5.0,5.0,4.0,5.0,5.0,4.0,4.0,4.0,0.283,0.0,5.0,0.074,5.0,0.0,0.5,5.0
trial_255,gemini,C3,T3,0.15,0.312,0.1,0.3,0.112,-0.188,,,0,4.0,5.0,4.0,5.0,4.0,4.0,4.0,5.0,0.3,0.0,4.0,0.112,5.0,0.0,0.4841,4.0
trial_256,gemini,C3,T3,0.15,0.312,0.0,0.32,0.058,-0.262,,,0,4.0,5.0,4.0,5.0,5.0,4.0,4.0,5.0,0.32,0.0,4.0,0.058,5.0,0.0,0.5,5.0
trial_257,gemini,C3,T3,0.15,0.375,0.0,0.357,0.064,-0.293,,,0,4.0,5.0,4.0,4.0,5.0,5.0,4.0,5.0,0.357,0.0,4.0,0.064,4.0,0.0,0.5,5.0
trial_258,gemini,C3,T3,0.15,0.375,0.0,0.321,0.05,-0.271,,,0,4.0,5.0,4.0,4.0,5.0,5.0,4.0,5.0,0.321,0.0,4.0,0.05,4.0,0.0,0.5,5.0
trial_259,gemini,C3,T3,0.15,0.312,0.1,0.367,0.1,-0.267,,,0,4.0,5.0,4.0,5.0,4.0,4.0,4.0,5.0,0.367,0.0,4.0,0.1,5.0,0.0,0.4841,4.0
trial_260,gemini,C0,T4,0.535,0.438,0.4,0.414,0.45,0.036,,,0,4.0,4.0,2.0,1.0,1.0,5.0,4.0,5.0,0.414,0.0,4.0,0.45,1.0,0.0,1.5612,1.0
trial_261,gemini,C0,T4,0.5,0.438,0.1,0.45,0.25,-0.2,,,0,4.0,4.0,1.0,2.0,4.0,5.0,3.0,5.0,0.45,0.0,4.0,0.25,2.0,0.0,1.3229,4.0
trial_262,gemini,C0,T4,0.522,0.375,0.3,0.465,0.474,0.009,,,0,4.0,4.0,1.0,1.0,2.0,4.0,4.0,5.0,0.465,0.0,4.0,0.474,1.0,0.0,1.4524,2.0
trial_263,gemini,C0,T4,0.531,0.375,0.1,0.47,0.307,-0.163,,,0,4.0,4.0,1.0,1.0,4.0,5.0,4.0,5.0,0.47,0.0,4.0,0.307,1.0,0.0,1.5,4.0
trial_264,gemini,C0,T4,0.5,0.375,0.1,0.45,0.35,-0.1,,,0,4.0,4.0,1.0,1.0,4.0,4.0,4.0,5.0,0.45,0.0,4.0,0.35,1.0,0.0,1.4087,4.0
trial_265,gemini,C1,T4,0.5,0.25,0.1,0.45,0.25,-0.2,,,0,4.0,4.0,1.0,3.0,4.0,4.0,4.0,5.0,0.45,0.0,4.0,0.25,3.0,0.0,1.111,4.0
trial_266,gemini,C1,T4,0.5,0.438,0.0,0.45,0.2,-0.25,,,0,4.0,4.0,1.0,2.0,5.0,5.0,3.0,5.0,0.45,0.0,4.0,0.2,2.0,0.0,1.4087,5.0
trial_267,gemini,C1,T4,0.5,0.188,0.15,0.45,0.15,-0.3,,,0,4.0,4.0,1.0,4.0,5.0,4.0,4.0,4.0,0.45,0.0,4.0,0.15,4.0,0.0,1.0897,5.0
trial_268,gemini,C1,T4,0.56,0.375,0.25,0.474,0.2,-0.274,,,0,4.0,4.0,1.0,3.0,4.0,5.0,3.0,4.0,0.474,0.0,4.0,0.2,3.0,0.0,1.118,4.0
trial_269,gemini,C1,T4,0.5,0.25,0.0,0.45,0.2,-0.25,,,0,4.0,4.0,1.0,3.0,5.0,4.0,4.0,5.0,0.45,0.0,4.0,0.2,3.0,0.0,1.199,5.0
trial_270,gemini,C2,T4,0.541,0.438,0.25,0.45,0.217,-0.233,,,0,4.0,4.0,1.0,4.0,4.0,4.0,2.0,4.0,0.45,0.0,4.0,0.217,4.0,0.0,1.111,4.0
trial_271,gemini,C2,T4,0.548,0.188,0.25,0.458,0.228,-0.23,,,0,4.0,4.0,1.0,4.0,4.0,4.0,4.0,4.0,0.458,0.0,4.0,0.228,4.0,0.0,0.9922,4.0
trial_272,gemini,C2,T4,0.512,0.188,0.1,0.462,0.217,-0.245,,,0,4.0,4.0,1.0,4.0,4.0,4.0,4.0,5.0,0.462,0.0,4.0,0.217,4.0,0.0,1.0897,4.0
trial_273,gemini,C2,T4,0.15,0.188,0.15,0.45,0.119,-0.331,,,0,4.0,5.0,1.0,4.0,5.0,4.0,4.0,4.0,0.45,0.0,4.0,0.119,4.0,0.0,1.1659,5.0
trial_274,gemini,C2,T4,0.501,0.312,0.0,0.358,0.208,-0.15,,,0,4.0,4.0,3.0,4.0,5.0,3.0,4.0,5.0,0.358,0.0,4.0,0.208,4.0,0.0,0.7071,5.0
trial_275,gemini,C3,T4,0.15,0.5,0.0,0.41,0.05,-0.36,,,0,4.0,5.0,2.0,4.0,5.0,5.0,2.0,5.0,0.41,0.0,4.0,0.05,4.0,0.0,1.2247,5.0
trial_276,gemini,C3,T4,0.15,0.438,0.1,0.45,0.1,-0.35,,,0,4.0,5.0,1.0,4.0,4.0,5.0,2.0,5.0,0.45,0.0,4.0,0.1,4.0,0.0,1.3919,4.0
trial_277,gemini,C3,T4,0.5,0.438,0.1,0.45,0.15,-0.3,,,0,4.0,4.0,1.0,4.0,4.0,5.0,2.0,5.0,0.45,0.0,4.0,0.15,4.0,0.0,1.317,4.0
trial_278,gemini,C3,T4,0.5,0.438,0.0,0.45,0.15,-0.3,,,0,4.0,4.0,1.0,4.0,5.0,4.0,2.0,5.0,0.45,0.0,4.0,0.15,4.0,0.0,1.317,5.0
trial_279,gemini,C3,T4,0.15,0.438,0.1,0.468,0.1,-0.368,,,0,4.0,5.0,1.0,4.0,4.0,5.0,2.0,5.0,0.468,0.0,4.0,0.1,4.0,0.0,1.3919,4.0
trial_280,gemini,C0,T5,0.15,0.5,0.4,0.464,0.35,-0.114,,,0,4.0,5.0,1.0,3.0,4.0,1.0,2.0,3.0,0.464,0.0,4.0,0.35,3.0,0.0,1.3636,4.0
trial_281,gemini,C0,T5,0.15,0.562,0.25,0.4,0.25,-0.15,,,0,5.0,4.0,1.0,2.0,4.0,5.0,2.0,4.0,0.4,0.0,5.0,0.25,2.0,0.0,1.4087,4.0
trial_282,gemini,C0,T5,0.541,0.625,0.45,0.417,0.5,0.083,,,0,5.0,5.0,1.0,1.0,2.0,2.0,2.0,4.0,0.417,0.0,5.0,0.5,1.0,0.0,1.5612,2.0
trial_283,gemini,C0,T5,0.15,0.375,0.25,0.45,0.3,-0.15,,,0,4.0,5.0,1.0,1.0,4.0,4.0,4.0,4.0,0.45,0.0,4.0,0.3,1.0,0.0,1.4087,4.0
trial_284,gemini,C0,T5,0.552,0.562,0.7,0.483,0.412,-0.071,,,0,4.0,4.0,1.0,2.0,4.0,2.0,2.0,1.0,0.483,0.0,4.0,0.412,2.0,0.0,1.2247,4.0
trial_285,gemini,C1,T5,0.5,0.75,0.7,0.35,0.4,0.05,,,0,5.0,5.0,2.0,2.0,4.0,1.0,1.0,1.0,0.35,0.0,5.0,0.4,2.0,0.0,1.6536,4.0
trial_286,gemini,C1,T5,0.0,0.75,0.9,0.4,0.7,0.3,,,0,5.0,1.0,1.0,1.0,2.0,2.0,1.0,1.0,0.4,0.0,5.0,0.7,1.0,0.0,1.299,2.0
trial_287,gemini,C1,T5,0.521,0.688,0.4,0.4,0.259,-0.141,,,0,5.0,5.0,1.0,2.0,4.0,4.0,1.0,3.0,0.4,0.0,5.0,0.259,2.0,0.0,1.536,4.0
trial_288,gemini,C1,T5,0.15,0.75,0.7,0.45,0.45,0.0,,,0,4.0,5.0,1.0,1.0,4.0,1.0,1.0,1.0,0.45,0.0,4.0,0.45,1.0,0.0,1.6394,4.0
trial_289,gemini,C1,T5,0.5,0.75,0.55,0.45,0.45,0.0,,,0,4.0,4.0,1.0,1.0,4.0,2.0,1.0,2.0,0.45,0.0,4.0,0.45,1.0,0.0,1.317,4.0
trial_290,gemini,C2,T5,0.56,0.188,0.6,0.45,0.274,-0.176,,,0,4.0,4.0,1.0,4.0,5.0,2.0,4.0,1.0,0.45,0.0,4.0,0.274,4.0,0.0,1.4524,5.0
trial_291,gemini,C2,T5,0.532,0.188,0.0,0.41,0.223,-0.187,,,0,5.0,5.0,1.0,4.0,5.0,2.0,4.0,5.0,0.41,0.0,5.0,0.223,4.0,0.0,1.4524,5.0
trial_292,gemini,C2,T5,0.15,0.125,0.45,0.4,0.267,-0.133,,,0,5.0,4.0,1.0,5.0,5.0,1.0,4.0,2.0,0.4,0.0,5.0,0.267,5.0,0.0,1.6536,5.0
trial_293,gemini,C2,T5,0.15,0.188,0.0,0.4,0.331,-0.069,,,0,5.0,4.0,1.0,4.0,5.0,1.0,4.0,5.0,0.4,0.0,5.0,0.331,4.0,0.0,1.5762,5.0
trial_294,gemini,C2,T5,0.15,0.188,0.45,0.4,0.281,-0.119,,,0,5.0,4.0,1.0,4.0,5.0,2.0,4.0,2.0,0.4,0.0,5.0,0.281,4.0,0.0,1.4087,5.0
trial_295,gemini,C3,T5,0.5,0.688,0.7,0.25,0.35,0.1,,,0,5.0,5.0,4.0,3.0,4.0,1.0,2.0,1.0,0.25,0.0,5.0,0.35,3.0,0.0,1.536,4.0
trial_296,gemini,C3,T5,0.15,0.562,0.55,0.45,0.25,-0.2,,,0,4.0,5.0,1.0,4.0,4.0,2.0,1.0,2.0,0.45,0.0,4.0,0.25,4.0,0.0,1.4524,4.0
trial_297,gemini,C3,T5,0.552,0.438,0.15,0.4,0.271,-0.129,,,0,5.0,5.0,1.0,4.0,5.0,1.0,2.0,4.0,0.4,0.0,5.0,0.271,4.0,0.0,1.6536,5.0
trial_298,gemini,C3,T5,0.5,0.5,0.25,0.4,0.2,-0.2,,,0,4.0,4.0,2.0,4.0,4.0,4.0,2.0,4.0,0.4,0.0,4.0,0.2,4.0,0.0,0.866,4.0
trial_299,gemini,C3,T5,0.15,0.562,0.4,0.45,0.15,-0.3,,,0,4.0,5.0,1.0,4.0,4.0,4.0,1.0,3.0,0.45,0.0,4.0,0.15,4.0,0.0,1.3919,4.0
trial_300,gpt4o,C0,T1,0.562,0.562,0.25,0.45,0.325,-0.125,,,0,4.0,4.0,1.0,2.0,4.0,4.0,2.0,4.0,0.45,0.0,4.0,0.325,2.0,0.0,1.1659,4.0
trial_301,gpt4o,C0,T1,0.5,0.562,0.7,0.45,0.45,0.0,,,0,4.0,4.0,1.0,2.0,4.0,1.0,2.0,1.0,0.45,0.0,4.0,0.45,2.0,0.0,1.317,4.0
trial_302,gpt4o,C0,T1,0.604,0.438,0.55,0.5,0.308,-0.192,,,0,4.0,4.0,1.0,4.0,4.0,2.0,2.0,2.0,0.5,0.0,4.0,0.308,4.0,0.0,1.1659,4.0
trial_303,gpt4o,C0,T1,0.666,0.562,0.35,0.517,0.25,-0.267,,,0,4.0,4.0,1.0,4.0,3.0,4.0,1.0,4.0,0.517,0.0,4.0,0.25,4.0,0.0,1.2686,3.0
trial_304,gpt4o,C0,T1,0.621,0.5,0.45,0.517,0.368,-0.149,,,0,4.0,4.0,1.0,3.0,2.0,4.0,2.0,4.0,0.517,0.0,4.0,0.368,3.0,0.0,1.118,2.0
trial_305,gpt4o,C1,T1,0.834,0.562,0.9,0.45,0.683,0.233,,,0,4.0,4.0,1.0,2.0,2.0,1.0,2.0,1.0,0.45,0.0,4.0,0.683,2.0,0.0,1.1659,2.0
trial_306,gpt4o,C1,T1,0.625,0.625,0.8,0.45,0.6,0.15,,,0,4.0,4.0,1.0,1.0,3.0,1.0,2.0,1.0,0.45,0.0,4.0,0.6,1.0,0.0,1.2686,3.0
trial_307,gpt4o,C1,T1,0.625,0.812,0.9,0.4,0.65,0.25,,,0,4.0,4.0,2.0,1.0,2.0,1.0,1.0,1.0,0.4,0.0,4.0,0.65,1.0,0.0,1.2247,2.0
trial_308,gpt4o,C1,T1,0.834,0.688,0.8,0.4,0.683,0.283,,,0,4.0,4.0,2.0,1.0,3.0,1.0,2.0,1.0,0.4,0.0,4.0,0.683,1.0,0.0,1.199,3.0
trial_309,gpt4o,C1,T1,0.625,0.75,0.8,0.45,0.6,0.15,,,0,4.0,4.0,1.0,1.0,3.0,1.0,1.0,1.0,0.45,0.0,4.0,0.6,1.0,0.0,1.3229,3.0
trial_310,gpt4o,C2,T1,0.5,0.438,0.65,0.45,0.4,-0.05,,,0,4.0,4.0,1.0,4.0,3.0,1.0,2.0,2.0,0.45,0.0,4.0,0.4,4.0,0.0,1.2183,3.0
trial_311,gpt4o,C2,T1,0.666,0.812,0.75,0.467,0.55,0.083,,,0,4.0,4.0,2.0,1.0,2.0,2.0,1.0,2.0,0.467,0.0,4.0,0.55,1.0,0.0,1.0897,2.0
trial_312,gpt4o,C2,T1,0.5,0.625,0.75,0.4,0.45,0.05,,,0,4.0,4.0,2.0,4.0,2.0,1.0,1.0,2.0,0.4,0.0,4.0,0.45,4.0,0.0,1.2247,2.0
trial_313,gpt4o,C2,T1,0.5,0.75,0.75,0.4,0.5,0.1,,,0,4.0,4.0,2.0,2.0,2.0,2.0,1.0,2.0,0.4,0.0,4.0,0.5,2.0,0.0,0.9922,2.0
trial_314,gpt4o,C2,T1,0.5,0.688,0.9,0.45,0.55,0.1,,,0,4.0,4.0,1.0,2.0,2.0,1.0,1.0,1.0,0.45,0.0,4.0,0.55,2.0,0.0,1.2247,2.0
trial_315,gpt4o,C3,T1,0.5,0.688,0.45,0.45,0.4,-0.05,,,0,4.0,4.0,1.0,2.0,2.0,4.0,1.0,4.0,0.45,0.0,4.0,0.4,2.0,0.0,1.299,2.0
trial_316,gpt4o,C3,T1,0.5,0.562,0.45,0.45,0.3,-0.15,,,0,4.0,4.0,1.0,4.0,2.0,4.0,1.0,4.0,0.45,0.0,4.0,0.3,4.0,0.0,1.3229,2.0
trial_317,gpt4o,C3,T1,0.625,0.562,0.45,0.45,0.45,0.0,,,0,4.0,4.0,1.0,4.0,2.0,2.0,1.0,4.0,0.45,0.0,4.0,0.45,4.0,0.0,1.299,2.0
trial_318,gpt4o,C3,T1,0.5,0.562,0.45,0.45,0.3,-0.15,,,0,4.0,4.0,1.0,4.0,2.0,4.0,1.0,4.0,0.45,0.0,4.0,0.3,4.0,0.0,1.3229,2.0
trial_319,gpt4o,C3,T1,0.5,0.562,0.45,0.45,0.4,-0.05,,,0,4.0,4.0,1.0,4.0,2.0,2.0,1.0,4.0,0.45,0.0,4.0,0.4,4.0,0.0,1.299,2.0
trial_320,gpt4o,C0,T2,0.1,0.375,0.75,0.581,0.582,0.001,,,0,2.0,4.0,1.0,1.0,2.0,2.0,4.0,2.0,0.581,0.0,2.0,0.582,1.0,0.0,1.0897,2.0
trial_321,gpt4o,C0,T2,0.15,0.375,0.45,0.56,0.572,0.012,,,0,3.0,4.0,1.0,1.0,2.0,3.0,4.0,4.0,0.56,0.0,3.0,0.572,1.0,0.0,1.199,2.0
trial_322,gpt4o,C0,T2,0.15,0.5,0.65,0.548,0.569,0.021,,,0,3.0,4.0,1.0,1.0,3.0,2.0,3.0,2.0,0.548,0.0,3.0,0.569,1.0,0.0,0.9922,3.0
trial_323,gpt4o,C0,T2,0.15,0.625,0.75,0.546,0.61,0.064,,,0,3.0,4.0,1.0,1.0,2.0,2.0,2.0,2.0,0.546,0.0,3.0,0.61,1.0,0.0,0.927,2.0
trial_324,gpt4o,C0,T2,0.15,0.5,0.6,0.533,0.607,0.074,,,0,3.0,4.0,1.0,1.0,2.0,2.0,3.0,3.0,0.533,0.0,3.0,0.607,1.0,0.0,0.9922,2.0
trial_325,gpt4o,C1,T2,0.15,0.5,0.7,0.564,0.49,-0.074,,,0,3.0,4.0,1.0,1.0,4.0,2.0,3.0,1.0,0.564,0.0,3.0,0.49,1.0,0.0,1.2183,4.0
trial_326,gpt4o,C1,T2,0.15,0.5,0.75,0.572,0.562,-0.01,,,0,3.0,4.0,1.0,1.0,2.0,2.0,3.0,2.0,0.572,0.0,3.0,0.562,1.0,0.0,0.9682,2.0
trial_327,gpt4o,C1,T2,0.15,0.562,0.55,0.493,0.467,-0.026,,,0,4.0,3.0,1.0,2.0,4.0,2.0,2.0,2.0,0.493,0.0,4.0,0.467,2.0,0.0,1.0,4.0
trial_328,gpt4o,C1,T2,0.518,0.438,0.55,0.481,0.424,-0.057,,,0,4.0,4.0,1.0,2.0,4.0,2.0,3.0,2.0,0.481,0.0,4.0,0.424,2.0,0.0,1.0897,4.0
trial_329,gpt4o,C1,T2,0.15,0.625,0.55,0.55,0.503,-0.047,,,0,3.0,4.0,1.0,1.0,4.0,2.0,2.0,2.0,0.55,0.0,3.0,0.503,1.0,0.0,1.111,4.0
trial_330,gpt4o,C2,T2,0.1,0.312,0.55,0.517,0.54,0.023,,,0,4.0,2.0,1.0,2.0,4.0,2.0,4.0,2.0,0.517,0.0,4.0,0.54,2.0,0.0,1.111,4.0
trial_331,gpt4o,C2,T2,0.535,0.375,0.55,0.571,0.585,0.014,,,0,2.0,2.0,1.0,1.0,4.0,2.0,4.0,2.0,0.571,0.0,2.0,0.585,1.0,0.0,1.0897,4.0
trial_332,gpt4o,C2,T2,0.15,0.375,0.45,0.554,0.521,-0.033,,,0,3.0,2.0,1.0,1.0,5.0,2.0,4.0,2.0,0.554,0.0,3.0,0.521,1.0,0.0,1.3229,5.0
trial_333,gpt4o,C2,T2,0.15,0.375,0.75,0.52,0.6,0.08,,,0,4.0,3.0,1.0,1.0,2.0,2.0,4.0,2.0,0.52,0.0,4.0,0.6,1.0,0.0,1.111,2.0
trial_334,gpt4o,C2,T2,0.1,0.312,0.75,0.507,0.612,0.105,,,0,4.0,2.0,1.0,2.0,2.0,2.0,4.0,2.0,0.507,0.0,4.0,0.612,2.0,0.0,0.9922,2.0
trial_335,gpt4o,C3,T2,0.15,0.438,0.75,0.476,0.46,-0.016,,,0,4.0,3.0,1.0,2.0,2.0,4.0,3.0,2.0,0.476,0.0,4.0,0.46,2.0,0.0,0.9922,2.0
trial_336,gpt4o,C3,T2,0.15,0.438,0.7,0.54,0.31,-0.23,,,0,3.0,4.0,1.0,4.0,4.0,2.0,2.0,1.0,0.54,0.0,3.0,0.31,4.0,0.0,1.2183,4.0
trial_337,gpt4o,C3,T2,0.15,0.312,0.45,0.54,0.359,-0.181,,,0,3.0,4.0,1.0,4.0,2.0,4.0,3.0,4.0,0.54,0.0,3.0,0.359,4.0,0.0,1.0533,2.0
trial_338,gpt4o,C3,T2,0.15,0.438,0.25,0.561,0.392,-0.169,,,0,3.0,4.0,1.0,2.0,4.0,3.0,3.0,4.0,0.561,0.0,3.0,0.392,2.0,0.0,1.0,4.0
trial_339,gpt4o,C3,T2,0.15,0.438,0.25,0.556,0.27,-0.286,,,0,3.0,4.0,1.0,4.0,4.0,4.0,2.0,4.0,0.556,0.0,3.0,0.27,4.0,0.0,1.0897,4.0
trial_340,gpt4o,C0,T3,0.555,0.688,0.45,0.372,0.344,-0.028,,,0,4.0,4.0,3.0,4.0,2.0,4.0,1.0,4.0,0.372,0.0,4.0,0.344,4.0,0.0,1.0897,2.0
trial_341,gpt4o,C0,T3,0.525,0.75,0.45,0.34,0.35,0.01,,,0,4.0,4.0,4.0,4.0,2.0,4.0,1.0,4.0,0.34,0.0,4.0,0.35,4.0,0.0,1.111,2.0
trial_342,gpt4o,C0,T3,0.05,0.75,0.75,0.52,0.422,-0.098,,,0,1.0,4.0,3.0,3.0,2.0,3.0,1.0,2.0,0.52,0.0,1.0,0.422,3.0,0.0,0.9922,2.0
trial_343,gpt4o,C0,T3,0.556,0.625,0.65,0.336,0.359,0.023,,,0,4.0,4.0,4.0,4.0,3.0,3.0,2.0,2.0,0.336,0.0,4.0,0.359,4.0,0.0,0.8292,3.0
trial_344,gpt4o,C0,T3,0.511,0.688,0.35,0.34,0.344,0.004,,,0,4.0,4.0,4.0,3.0,3.0,4.0,2.0,4.0,0.34,0.0,4.0,0.344,3.0,0.0,0.7071,3.0
trial_345,gpt4o,C1,T3,0.15,0.5,0.25,0.422,0.267,-0.155,,,0,4.0,3.0,2.0,4.0,4.0,4.0,2.0,4.0,0.422,0.0,4.0,0.267,4.0,0.0,0.857,4.0
trial_346,gpt4o,C1,T3,0.05,0.625,0.4,0.517,0.34,-0.177,,,0,1.0,4.0,4.0,4.0,4.0,2.0,2.0,3.0,0.517,0.0,1.0,0.34,4.0,0.0,1.118,4.0
trial_347,gpt4o,C1,T3,0.55,0.5,0.15,0.44,0.17,-0.27,,,0,4.0,4.0,2.0,4.0,5.0,4.0,2.0,4.0,0.44,0.0,4.0,0.17,4.0,0.0,0.9922,5.0
trial_348,gpt4o,C1,T3,0.509,0.5,0.25,0.436,0.24,-0.196,,,0,4.0,4.0,2.0,4.0,4.0,4.0,2.0,4.0,0.436,0.0,4.0,0.24,4.0,0.0,0.866,4.0
trial_349,gpt4o,C1,T3,0.558,0.5,0.25,0.44,0.217,-0.223,,,0,4.0,4.0,2.0,4.0,4.0,4.0,2.0,4.0,0.44,0.0,4.0,0.217,4.0,0.0,0.866,4.0
trial_350,gpt4o,C2,T3,0.6,0.875,0.55,0.41,0.6,0.19,,,0,4.0,4.0,3.0,1.0,1.0,4.0,1.0,4.0,0.41,0.0,4.0,0.6,1.0,0.0,1.3919,1.0
trial_351,gpt4o,C2,T3,0.5,0.875,0.45,0.35,0.4,0.05,,,0,4.0,4.0,3.0,1.0,5.0,2.0,1.0,2.0,0.35,0.0,4.0,0.4,1.0,0.0,1.3919,5.0
trial_352,gpt4o,C2,T3,0.666,0.875,0.75,0.467,0.6,0.133,,,0,2.0,2.0,4.0,2.0,2.0,2.0,1.0,2.0,0.467,0.0,2.0,0.6,2.0,0.0,0.7806,2.0
trial_353,gpt4o,C2,T3,0.778,0.812,0.55,0.611,0.6,-0.011,,,0,1.0,1.0,3.0,2.0,1.0,4.0,1.0,4.0,0.611,0.0,1.0,0.6,2.0,0.0,1.2686,1.0
trial_354,gpt4o,C2,T3,0.53,0.75,0.15,0.455,0.317,-0.138,,,0,4.0,4.0,2.0,2.0,5.0,4.0,1.0,4.0,0.455,0.0,4.0,0.317,2.0,0.0,1.299,5.0
trial_355,gpt4o,C3,T3,0.516,0.562,0.4,0.39,0.233,-0.157,,,0,4.0,4.0,3.0,4.0,4.0,4.0,2.0,3.0,0.39,0.0,4.0,0.233,4.0,0.0,0.7071,4.0
trial_356,gpt4o,C3,T3,0.1,0.75,0.25,0.45,0.233,-0.217,,,0,2.0,4.0,4.0,4.0,4.0,4.0,1.0,4.0,0.45,0.0,2.0,0.233,4.0,0.0,1.111,4.0
trial_357,gpt4o,C3,T3,0.794,0.688,0.25,0.372,0.34,-0.032,,,0,4.0,4.0,3.0,4.0,4.0,4.0,1.0,4.0,0.372,0.0,4.0,0.34,4.0,0.0,1.0,4.0
trial_358,gpt4o,C3,T3,0.575,0.562,0.4,0.43,0.25,-0.18,,,0,4.0,4.0,3.0,4.0,4.0,4.0,2.0,3.0,0.43,0.0,4.0,0.25,4.0,0.0,0.7071,4.0
trial_359,gpt4o,C3,T3,0.15,0.625,0.25,0.34,0.283,-0.057,,,0,4.0,3.0,4.0,4.0,4.0,4.0,2.0,4.0,0.34,0.0,4.0,0.283,4.0,0.0,0.696,4.0
trial_360,gpt4o,C0,T4,0.509,0.375,0.35,0.5,0.446,-0.054,,,0,4.0,4.0,1.0,1.0,3.0,4.0,4.0,4.0,0.5,0.0,4.0,0.446,1.0,0.0,1.2686,3.0
trial_361,gpt4o,C0,T4,0.15,0.375,0.45,0.527,0.506,-0.021,,,0,3.0,4.0,1.0,1.0,2.0,4.0,4.0,4.0,0.527,0.0,3.0,0.506,1.0,0.0,1.2686,2.0
trial_362,gpt4o,C0,T4,0.1,0.375,0.45,0.486,0.572,0.086,,,0,4.0,2.0,1.0,1.0,2.0,4.0,4.0,4.0,0.486,0.0,4.0,0.572,1.0,0.0,1.299,2.0
trial_363,gpt4o,C0,T4,0.1,0.375,0.45,0.583,0.485,-0.098,,,0,2.0,4.0,1.0,1.0,2.0,4.0,4.0,4.0,0.583,0.0,2.0,0.485,1.0,0.0,1.299,2.0
trial_364,gpt4o,C0,T4,0.15,0.375,0.45,0.531,0.597,0.066,,,0,3.0,2.0,1.0,1.0,2.0,4.0,4.0,4.0,0.531,0.0,3.0,0.597,1.0,0.0,1.2183,2.0
trial_365,gpt4o,C1,T4,0.15,0.375,0.45,0.575,0.52,-0.055,,,0,2.0,3.0,1.0,1.0,2.0,4.0,4.0,4.0,0.575,0.0,2.0,0.52,1.0,0.0,1.2183,2.0
trial_366,gpt4o,C1,T4,0.569,0.5,0.35,0.459,0.336,-0.123,,,0,4.0,4.0,1.0,3.0,3.0,4.0,2.0,4.0,0.459,0.0,4.0,0.336,3.0,0.0,1.0533,3.0
trial_367,gpt4o,C1,T4,0.05,0.375,0.45,0.644,0.524,-0.12,,,0,1.0,4.0,1.0,1.0,2.0,4.0,4.0,4.0,0.644,0.0,1.0,0.524,1.0,0.0,1.4087,2.0
trial_368,gpt4o,C1,T4,0.1,0.5,0.25,0.593,0.442,-0.151,,,0,2.0,4.0,1.0,1.0,4.0,3.0,3.0,4.0,0.593,0.0,2.0,0.442,1.0,0.0,1.199,4.0
trial_369,gpt4o,C1,T4,0.635,0.375,0.35,0.46,0.464,0.004,,,0,4.0,4.0,1.0,1.0,3.0,4.0,4.0,4.0,0.46,0.0,4.0,0.464,1.0,0.0,1.2686,3.0
trial_370,gpt4o,C2,T4,0.1,0.375,0.45,0.565,0.488,-0.077,,,0,2.0,4.0,1.0,1.0,2.0,4.0,4.0,4.0,0.565,0.0,2.0,0.488,1.0,0.0,1.299,2.0
trial_371,gpt4o,C2,T4,0.15,0.375,0.45,0.45,0.461,0.011,,,0,4.0,3.0,1.0,1.0,2.0,5.0,4.0,4.0,0.45,0.0,4.0,0.461,1.0,0.0,1.4142,2.0
trial_372,gpt4o,C2,T4,0.1,0.312,0.1,0.561,0.3,-0.261,,,0,2.0,4.0,1.0,2.0,4.0,4.0,4.0,5.0,0.561,0.0,2.0,0.3,2.0,0.0,1.299,4.0
trial_373,gpt4o,C2,T4,0.525,0.375,0.45,0.45,0.46,0.01,,,0,4.0,4.0,1.0,1.0,2.0,4.0,4.0,4.0,0.45,0.0,4.0,0.46,1.0,0.0,1.3229,2.0
trial_374,gpt4o,C2,T4,0.1,0.625,0.25,0.583,0.4,-0.183,,,0,2.0,4.0,1.0,1.0,4.0,4.0,2.0,4.0,0.583,0.0,2.0,0.4,1.0,0.0,1.299,4.0
trial_375,gpt4o,C3,T4,0.569,0.375,0.45,0.558,0.585,0.027,,,0,2.0,2.0,1.0,1.0,2.0,4.0,4.0,4.0,0.558,0.0,2.0,0.585,1.0,0.0,1.2247,2.0
trial_376,gpt4o,C3,T4,0.15,0.5,0.55,0.575,0.444,-0.131,,,0,2.0,3.0,1.0,1.0,4.0,4.0,3.0,2.0,0.575,0.0,2.0,0.444,1.0,0.0,1.118,4.0
trial_377,gpt4o,C3,T4,0.516,0.625,0.45,0.49,0.483,-0.007,,,0,4.0,4.0,1.0,1.0,2.0,4.0,2.0,4.0,0.49,0.0,4.0,0.483,1.0,0.0,1.299,2.0
trial_378,gpt4o,C3,T4,0.1,0.188,0.25,0.59,0.306,-0.284,,,0,2.0,4.0,1.0,4.0,4.0,4.0,4.0,4.0,0.59,0.0,2.0,0.306,4.0,0.0,1.111,4.0
trial_379,gpt4o,C3,T4,0.516,0.375,0.25,0.529,0.422,-0.107,,,0,3.0,3.0,1.0,1.0,4.0,4.0,4.0,4.0,0.529,0.0,3.0,0.422,1.0,0.0,1.2247,4.0
trial_380,gpt4o,C0,T5,0.1,0.625,0.75,0.6,0.772,0.172,,,0,3.0,1.0,1.0,1.0,2.0,2.0,2.0,2.0,0.6,0.0,3.0,0.772,1.0,0.0,0.6614,2.0
trial_381,gpt4o,C0,T5,0.15,0.375,0.45,0.611,0.591,-0.02,,,0,3.0,4.0,1.0,1.0,2.0,2.0,4.0,4.0,0.611,0.0,3.0,0.591,1.0,0.0,1.2183,2.0
trial_382,gpt4o,C0,T5,0.15,0.75,0.75,0.6,0.617,0.017,,,0,3.0,4.0,1.0,1.0,2.0,2.0,1.0,2.0,0.6,0.0,3.0,0.617,1.0,0.0,1.0,2.0
trial_383,gpt4o,C0,T5,0.504,0.625,0.55,0.464,0.466,0.002,,,0,4.0,4.0,1.0,1.0,4.0,2.0,2.0,2.0,0.464,0.0,4.0,0.466,1.0,0.0,1.2247,4.0
trial_384,gpt4o,C0,T5,0.627,0.625,0.75,0.534,0.583,0.049,,,0,4.0,4.0,1.0,1.0,2.0,2.0,2.0,2.0,0.534,0.0,4.0,0.583,1.0,0.0,1.0897,2.0
trial_385,gpt4o,C1,T5,0.639,0.75,0.55,0.506,0.4,-0.106,,,0,4.0,4.0,1.0,1.0,4.0,3.0,1.0,2.0,0.506,0.0,4.0,0.4,1.0,0.0,1.3229,4.0
trial_386,gpt4o,C1,T5,0.1,0.688,0.75,0.641,0.45,-0.191,,,0,2.0,4.0,1.0,2.0,2.0,3.0,1.0,2.0,0.641,0.0,2.0,0.45,2.0,0.0,0.927,2.0
trial_387,gpt4o,C1,T5,0.15,0.75,0.6,0.571,0.577,0.006,,,0,3.0,4.0,1.0,1.0,2.0,2.0,1.0,3.0,0.571,0.0,3.0,0.577,1.0,0.0,1.0533,2.0
trial_388,gpt4o,C1,T5,0.666,0.625,0.55,0.517,0.4,-0.117,,,0,4.0,4.0,1.0,1.0,4.0,3.0,2.0,2.0,0.517,0.0,4.0,0.4,1.0,0.0,1.2183,4.0
trial_389,gpt4o,C1,T5,0.594,0.625,0.55,0.525,0.488,-0.037,,,0,4.0,4.0,1.0,1.0,4.0,2.0,2.0,2.0,0.525,0.0,4.0,0.488,1.0,0.0,1.2247,4.0
trial_390,gpt4o,C2,T5,0.15,0.562,0.75,0.584,0.6,0.016,,,0,3.0,2.0,1.0,2.0,2.0,2.0,2.0,2.0,0.584,0.0,3.0,0.6,2.0,0.0,0.5,2.0
trial_391,gpt4o,C2,T5,0.15,0.438,0.45,0.557,0.35,-0.207,,,0,3.0,2.0,1.0,4.0,5.0,2.0,2.0,2.0,0.557,0.0,3.0,0.35,4.0,0.0,1.2183,5.0
trial_392,gpt4o,C2,T5,0.676,0.5,0.55,0.571,0.4,-0.171,,,0,3.0,3.0,1.0,3.0,4.0,2.0,2.0,2.0,0.571,0.0,3.0,0.4,3.0,0.0,0.866,4.0
trial_393,gpt4o,C2,T5,0.05,0.562,0.55,0.477,0.55,0.073,,,0,4.0,1.0,1.0,2.0,4.0,2.0,2.0,2.0,0.477,0.0,4.0,0.55,2.0,0.0,1.0897,4.0
trial_394,gpt4o,C2,T5,0.1,0.438,0.45,0.485,0.462,-0.023,,,0,4.0,2.0,1.0,4.0,2.0,3.0,2.0,4.0,0.485,0.0,4.0,0.462,4.0,0.0,1.0897,2.0
trial_395,gpt4o,C3,T5,0.625,0.625,0.5,0.5,0.5,0.0,,,0,4.0,4.0,1.0,1.0,3.0,2.0,2.0,3.0,0.5,0.0,4.0,0.5,1.0,0.0,1.118,3.0
trial_396,gpt4o,C3,T5,0.66,0.625,0.55,0.536,0.6,0.064,,,0,4.0,4.0,1.0,1.0,4.0,2.0,2.0,2.0,0.536,0.0,4.0,0.6,1.0,0.0,1.2247,4.0
trial_397,gpt4o,C3,T5,0.578,0.5,0.55,0.492,0.361,-0.131,,,0,4.0,4.0,1.0,3.0,4.0,2.0,2.0,2.0,0.492,0.0,4.0,0.361,3.0,0.0,1.0897,4.0
trial_398,gpt4o,C3,T5,0.617,0.625,0.5,0.517,0.42,-0.097,,,0,4.0,4.0,1.0,1.0,3.0,4.0,2.0,3.0,0.517,0.0,4.0,0.42,1.0,0.0,1.199,3.0
trial_399,gpt4o,C3,T5,0.643,0.75,0.75,0.507,0.55,0.043,,,0,4.0,4.0,1.0,1.0,2.0,2.0,1.0,2.0,0.507,0.0,4.0,0.55,1.0,0.0,1.1659,2.0
